code,food,Chakula,TRP,THR,ILE,LEU,LYS,MET,CYS,PHE,TYR,VAL,ARG,HIS,ENERGY_KC ,PROCNT,A_PROTEI ,MFP_PROT,FAT,CHOCDF,FASAT,FAMS,FAPU,CHOLE,FIB,SUCS,PHYTAC,CA,P,MG,K,NA,FE,MFP_FE,ZN,CU,MN,VITA,A_VITA,VITD,VITE,VITC,THIA,RIBF,NIA,VIT B6,FOL,VIT B12,PANT
1,Biscuit ,Biskuti,122,256,334,632,258,159,198,452,274,387,366,198,434,9.2,0,0,11.8,71.5,2.1,6.5,1.8,0,2.7,0.4,180,119,105,27,128,1302,1.2,0,0.8,0.2,0.7,0,0,0,1,0,0.1,0.04,1.1,0.04,31,0,0.46
2,Bread roll,Mkate wa miviringo,102,248,338,616,205,158,192,436,250,382,320,191,274,8.8,0,0,3,51.9,0.6,1.2,0.7,0,2.8,0.1,30,120,105,27,113,609,7.8,0,0.9,0.19,0.51,0,0,0,0,0,0.6,0.24,2.8,0.04,31,0,0.39
3,"Bread, white",Mkate,102,248,338,616,205,158,192,436,250,382,320,191,274,8.8,0,0,3,51.9,0.6,1.2,0.7,0,2.8,0.1,30,10,105,27,113,609,0.5,0,0.9,0.19,0.51,0,0,0,0,0,0.11,0.08,0.9,0.04,31,0,0.39
6,Cake,Keki,58,169,209,365,217,107,92,236,169,237,212,109,320,4.7,2.2,0,12.3,48.6,3.5,5.3,2.9,50,0.6,28.2,68,38,68,9,75,182,0.4,0,0.4,0.04,0.16,34,34,0,1,0,0.04,0.12,0.3,0.03,10,0.22,0.32
7,Cookie,Biskuti,70,179,230,390,256,110,104,250,175,263,221,112,478,5.1,0,0,21.1,67.9,5.4,11.8,2.7,51,0.5,22,116,21,80,12,63,357,0.7,0,0.4,0.08,0.32,27,0,0,3,0,0.04,0.05,1,0.06,12,0.09,0.25
8,Donut,Mandazi,70,179,230,390,256,110,104,250,175,263,221,112,478,5.1,0,0,21.1,67.9,5.4,11.8,2.7,51,0.5,22,116,21,80,12,63,357,0.7,0,0.4,0.08,0.32,27,0,0,3,0,0.04,0.05,1,0.06,12,0.09,0.25
9,"Infant cereal, Cerelac",Cerelac (chakula cha mtoto),184,581,752,1288,873,344,193,705,597,904,763,359,387,14,8.5,0,1,78.1,0.5,0.1,0.4,0,2.8,0.4,288,315,338,58,482,130,0.5,0,1.9,0.12,0.87,3,3,0,0,3,0.15,0.4,1.2,0.22,18,0.95,1.77
10,"Maize, cracked, cooked",Mahindi ya kukobolewa yaliyopikwa,171,353,515,913,255,207,375,647,350,568,493,272,119,2.7,0,0,1.2,25.4,0.2,0.3,0.5,0,2.4,0.1,264,2,80,42,95,12,1.2,0,0.6,0.06,0.17,0,0,0,0,0,0.13,0.07,1.2,0.1,8,0,0.14
11,"Maize, dried, raw",Mahindi makavu,19,101,96,329,75,56,48,132,109,136,134,82,362,8.1,0,0,3.6,76.9,0.2,0.9,1.6,0,7.3,0.3,800,6,241,127,287,35,3.5,0,1.8,0.19,5,0,0,0,1,0,0.39,0.2,3.6,0.3,25,0,0.43
12,"Maize, flour, dry", Unga wa mahindi,57,305,291,996,228,170,146,399,330,411,405,248,362,8.1,0,0,3.6,76.9,0.5,0.9,1.6,0,7.3,0.3,800,6,241,127,287,35,3.5,0,1.8,0.19,0.5,0,0,0,1,0,0.39,0.2,3.6,0.3,25,0,0.43
13,"Maize, green, cooked", Mahindi ya kuchemsha,57,305,291,996,228,170,146,399,330,411,405,248,246,7.5,0,0,3,57.2,0.5,0.9,1.4,0,6.4,3.4,71,5,235,73,568,39,1.4,0,1.1,0.11,0.43,0,0,0,0,14,0.5,0.16,3.6,0.14,105,0,2.01
14,"Maize, on the cob, immature",Mahindi machanga,52,303,303,816,321,157,62,85,287,435,308,207,59,1.8,0,0,0.7,13.8,0.5,0.2,0.3,0,1.5,0.8,17,1,57,18,137,9,0.3,0,0.3,0.03,0.1,7,0,0,0,3,0.12,0.04,0.9,0.03,25,0,0.48
15,"Maize, yellow, flour",Unga wa mahindi ya njano,13,73,73,197,78,38,15,85,69,105,74,50,362,8.1,0,0,3.6,76.9,0.1,0.9,1.6,0,7.3,0.3,800,6,241,127,287,35,3.5,0,1.8,0.19,0.5,11,0,0,0.42,0,0.385,0.201,3.632,0.304,25,0,0.425
16,"Millet, bulrush",Uwele,57,305,291,996,228,170,146,399,330,411,405,248,361,11.6,0,0,5,68.7,0.5,1.1,2.2,0,24.7,1.6,870,42,296,137,307,11,8,0,3.1,1.06,1.15,20,0,0,0,0,0.26,0.23,2.1,0.29,32,0,0.46
17,"Millet, finger, grain or flour","Ulezi, Unga wa ulezi",205,446,484,1395,353,279,205,539,372,614,558,260,328,6.6,0,0,1.3,76.2,0.9,3.1,2.4,0,9,0.8,694,275,283,27,408,11,2.7,0,1.2,0.47,5.49,5,0,0,0,0,0.27,0.14,0.8,0.23,10,0,0.37
18,Mixed porridge flour (with maize), Unga wa uji mchanganyiko na mahindi,94,225,421,727,252,221,131,326,232,505,316,137,382.2,13.8,0,0,10.2,63.5,0.3,6.2,6.1,0,7,1.8,1037.2,11.9,306.8,103.2,513.1,15,4.6,0,2,0.57,2.3,2.3,0,0,1.6,0.3,0.2,0.1,2.8,0.1,39,0,0.6
19,Mixed porridge flour (no maize),Unga wa uji mchanganyiko bila mahinidi),159.2,514,598,1251.8,595.3,239.8,185,693.8,509,707,1029.5,348.7,332.2,10.07,0,0,7,62.1,2.2,4.1,4,0,8.6,1.3,699,55,235.3,60.5,263.5,8.2,3.3,0,1.4,0.4,1.6,3.5,0,0,2.3,0,0.2,0.088,4.2,0.2,32.9,0,0.9
20,"Porridge, fermented",Uji uliochachuka,132,419.7,480.1,1203.5,361.6,201.4,172.7,622.2,425.3,606.1,922.9,288.5,43,1,0,0,0.4,9.2,1,0.442,0.379,0,2.4,0.1,353,1,29,15,34,4,0.4,0,0.2,0.02,0.06,0,0,0,0,0,0.05,0.02,0.4,0.04,3,0,0.05
21,"Rice, fried and boiled",Wali wa kukaanga na kuchemsha,192.1,655.3,701,1420.8,801,258.3,266.4,868.8,654.7,816.2,1438.5,452.6,174,2.6,0,0,7.4,24.6,1.5,0.1,0.2,0,0.9,0,96,7,50,20,242,9,0.6,0,0.4,0.1,0.38,87,0,0,0,19,0.07,0.06,0.9,0.12,16,0,0.54
22,"Rice, flour, local",Mchele au unga wa mchele wa kenyeji,72,217,244,488,207,144,137,317,314,348,516,149,366,5.9,0,0,1.4,80.1,0.1,1.8,4.3,0,1.3,0.1,94,8,104,36,81,0,0.6,0,1.1,0.11,1.06,0,0,0,0,0,0.06,0.06,1.1,0.14,6,0,1.15
23,"Rice, white, grain, raw", Mchele,75,263,281,538,235,153,133,318,217,397,542,153,358,6.5,0,0,0.52,79.8,0.386,0.1,0.4,0,2.7,0.4,282,8,103,36,81,0,0.6,0,1.1,0.11,1.06,0,0,0,0,0,0.06,0.06,1.1,0.14,6,0,1.14
24,Sorghum,Mtama,78,238,288,552,241,157,137,356,224,406,554,157,339,11.3,0,0,3.3,74.6,1.1,0.993,1.37,0,9,0.7,439,15,222,34,131,7,4.1,0,0.8,0.34,0.9,6,0,0,1,0,0.24,0.08,2.2,0.15,11,0,0.75
26,"Sorghum, flour",Unga wa mtama,78,237,287,550,240,156,137,354,223,405,552,156,339,11.3,0,0,3.3,73.7,0.14,1,1.4,0,12.7,0.7,618,25,222,171,131,7,4.1,0,1.6,0.46,0.78,7,0,0,1,0,0.3,0.1,2.8,0.19,14,0,0.94
28,"Wheat,dough, deep fried", keik ya ngano,124,346,433,1491,229,169,127,546,321,561,355,246,317,7.2,0,0,7.7,53.4,0.457,0.3,0.8,0,4.8,0.8,227,11,76,15,75,1,0.8,0,0.5,0.1,0.48,0,0,0,0,0,0.07,0.03,0.8,0.03,13,0,0.27
29,"Wheat, flour, whole grain", Unga wa ngano usiokobolewa,212,395,508,926,378,212,317,646,400,618,542,317,339,13.7,0,0,1.87,72.57,0.5,1.7,4.4,0,1.9,0.3,197,15,108,22,107,2,1.2,0,0.7,0.14,0.68,0,0,0,0,0,0.4,0.2,6.4,0.3,34,0,1
30,"Wheat, flour, 72% extract", Unga wa ngano ,89,197,250,497,160,128,153,364,218,291,292,161,364,10.3,0,0,1,76.3,0.3,0.1,0.4,0,2.7,0.4,282,15,108,22,107,2,1.2,0,0.7,0.14,0.68,0,0,0,0,0,0.1,0.04,1.1,0.04,18,0,0.39
31,"Wheat, flour, maida",Unga wa ngano mweupe,127,281,357,710,228,183,219,520,312,415,417,230,349,12.3,0,0,1.5,74.1,0.322,0.2,0.2,5,0.7,0.2,290,26,251,92,286,4,2.8,0,2,0.29,2.55,0,0,0,1,0,0.26,0.13,3.8,0.21,26,0,0.71
32,Bhajia (chickpea flour fritters),Bhajia,184.2,708,817.6,1354.5,1274.8,249.3,257.7,1019,474.1,799.5,1801.7,524.3,356,19.2,0,0,5.6,59.7,0.68,1.3,2.6,0,16.3,3.1,628,107.6,363.8,104.6,649,15.2,6.3,0,3.2,0.7,2.2,34.4,0,0,0.06,21.3,0.2,0.1,1.1,0.3,368.6,0,0.6
33,Macaroni or spaghetti,Tambi,127,281,357,710,228,183,219,520,312,415,417,230,371,10.5,0,0,1,77.8,1.1,0.6,0.3,0,13.4,0.2,520,15,110,22,109,2,1.2,0,0.1,0.05,0.03,0,0,0,0,0,0,0,0,0,0,0,0
34,Mixed porridge flour (maize and oil),Unga wa uji mchanganyiko (mahinidi na mafuta),178,349,448,840,318,200,278,596,365,537,552,282,414.4,16.9,0,0,15.6,56.1,0.2,0.161,0.138,0,0.8,0.3,352,78,333.4,147.6,63.1,18.2,5.6,0,2.6,0.6,3.1,0.6,0,0,2.8,0.6,0.3,0.2,2.8,0.2,63,0,0.76
35,Semolina,Semolina,127,281,357,710,228,183,219,520,312,415,417,230,364,10.3,0,0,1,76.3,0.3,0.1,0.7,0,8.4,0.4,620,15,108,22,107,2,1.2,0,0.7,0.14,0.68,0,0,0,0,0,0.1,0.04,1.1,0.04,18,0,0.39
101,"Avocado, raw, all common variety",Parachichi,25,73,84,143,132,30,27,232,49,107,88,49,160,2,0,0,14.7,8.5,2.1,9.8,1.8,0,6.7,0.7,0,12,52,29,599,7,0.6,0,0.6,0.2,0.1,7,0,0,2.07,10,0.067,0.13,1.738,0.257,81,0,1.389
102,"Banana, ripe",Ndizi mbivu,9,28,28,68,50,8,9,49,9,49,49,770,89,1.09,0,0,0.33,22.84,0.112,0.032,0.073,0,2.6,12.23,0,5,22,27,358,1,0.3,0,0.2,0.1,0.3,3,0,0,0.1,8.7,0.031,0.073,0.665,0.367,20,0,0.334
103,"Baobab, pulp",Ubuyu (bila mbegu),48,145,145,252,222,39,58,135,125,204,135,68,305,4.2,0,0,1.3,77.8,0.4,0.1,0.4,0,5.1,0.6,0,36,199,46,1221,3,1.9,0,0.3,0.69,0.25,0,0,0,1,201,0.01,0.63,3.4,0.1,13,0,0.51
107,"Jackfruit, raw",Fenesi,12,34,33,71,48,11,17,38,24,47,47,81,94,1.47,0,0,0.3,24.01,0.063,0.044,0.086,0,1.6,6.5,0,34,36,37,303,3,0.6,0,0.4,0.2,0.2,15,0,0,0,6.7,0.03,0.11,0.4,0.108,14,0,0.5
108,"Orange juice, concentrated, unsweetened",Juisi ya machungwa,2,7,6,11,8,3,4,7,3,4,40,3,42,0.59,0,0,0.14,9.85,0.018,0.025,0.034,0,0.2,8.4,0,40,14,10,181,0,0.1,0,0.1,0.05,0.03,8,0,0,0,53,0.09,0.04,0.3,0.06,30,0,0.25
109,"Lemon, raw, without peel",Limao,9,15,25,23,47,20,10,31,16,40,65,18,29,1.1,0,0,0.3,9.3,0,0,0.1,0,2.8,0.3,0,26,16,8,138,2,0.6,0,0.1,0.04,0.03,1,0,0,0.15,53,0.04,0.02,0.1,0.08,11,0,0.19
110,"Limes, raw",Ndimu,9,15,25,23,47,20,10,31,16,40,65,18,30,0.7,0,0,0.2,10.54,0.022,0.019,0.055,0,2.8,1.69,0,26,16,8,138,2,0.6,0,0.1,0.04,0.03,2,0,0,0.22,29.1,0.03,0.02,0.2,0.043,8,0,0.217
111,Mango juice,Juisi ya embe,3,8,8,13,17,2,0,7,4,11,8,5,54,0.2,0,0,0.1,14.1,0,0,0,0,0.8,11,8,4,5,4,66,1,0,0,0,0.05,0.01,168,0,0,0,15,0.03,0.03,0.3,0.05,6,0,0.07
112,"Mango, ripe, fresh-EP", Embe mbivu (EP),8,19,18,31,41,5,0,17,10,26,19,12,65,0.5,0,0,0.3,17,0.1,0.1,0.1,0,1.8,9.9,20,10,11,9,156,2,0.1,0,0,0.11,0.03,38,0,0,1.12,27.7,0.058,0.057,0.584,0.134,14,0,0.16
113,"Mango, unripe",Embe mbichi,8,19,18,31,41,5,4,17,10,26,19,12,65,0.5,0,0,0.3,17,0.1,0.1,0.1,0,1.8,4.9,20,10,11,9,156,2,0.1,0,0,0.11,0.03,10,0,0,1,43,0.06,0.06,0.6,0.13,5,0,0.16
114,"Orange, raw - AP",Chungwa,9,15,25,23,47,20,10,31,16,40,65,18,47,0.9,0,0,0.1,11.8,0,0,0,0,2.4,4.2,0,40,14,10,181,0,0.1,0,0.1,0.05,0.03,8,0,0,0,53,0.09,0.04,0.3,0.06,30,0,0.25
115,"Papaya, ripe",Papai bivu,8,11,8,16,25,2,5,9,5,10,10,5,39,0.6,0,0,0.1,9.8,0,0,0,0,1.8,1.8,0,24,5,10,257,3,0.1,0,0.1,0.02,0.01,135,0,0,1,62,0.03,0.03,0.3,0.02,38,0,0.22
116,"Papaya, unripe",Papai bichi,8,11,8,16,25,2,5,9,5,10,10,5,39,0.6,0,0,0.1,9.8,0,0,0,0,1.8,1.8,0,24,5,10,257,3,0.1,0,0.1,0.02,0.01,135,0,0,1,62,0.03,0.03,0.3,0.02,38,0,0.22
117,"Passion, fruit",Tunda la Pasheni,2,27,20,40,23,17,6,22,18,38,18,13,43,0.7,0,0,0.1,11.1,0,0,0,0,2,5.6,0,5,12,7,197,0,0.1,0,0.1,0.07,0.05,54,0,0,1,7,0.02,0.04,1,0.02,3,0,0.17
118,"Pears, raw",Pear Peasi,2,24,18,36,21,15,5,20,16,34,16,12,58,0.38,0,0,0.12,15.46,0.006,0.026,0.029,0,3.1,9.8,55,9,11,0.2,119,1,0.2,0,0.1,0.1,0.04,1,0,0,0.12,4.2,0.012,0.025,0.157,0.028,7,0,0.048
119,"Pineapple, raw, all variety",Nanasi,5,14,14,24,226,12,14,21,13,24,19,10,48,0.54,0,0,0.12,12.63,0.009,0.014,0.042,0,1.4,9.26,0,7,7,14,113,1,0.4,0,0.1,0.11,1.65,3,0,0,0,36.2,0.09,0.04,0.5,0.09,15,0,0.16
120,Pineapple juice,Juisi ya nananasi,5,12,13,19,25,11,2,12,12,16,18,9,49,0.4,0,0,0.4,12.4,0,0,0.1,0,1.2,3.1,0,7,7,14,113,1,0.4,0,0.1,0.11,1.65,2,0,0,0,15,0.09,0.04,0.4,0.09,11,0,0.16
121,"Plums, raw",Matunda damu,5,12,13,19,25,11,2,12,12,16,18,9,46,0.7,0,0,0.28,11.42,0.017,0.134,0.044,0,1.4,9.92,63,6,16,7,157,0,0.2,0,0,0.1,0.05,5,0,0,1,9.5,0.02,0.01,0.4,0.05,5,0,0
122,Tamarind,Ukwaju,2,7,8,12,12,2,3,5,4,9,6,3,270,2.9,0,0,0.5,71.2,0.2,0,0.1,0,3.6,0,0,44,87,30,676,11,1.9,0,0.3,0.28,0.28,1,0,0,1,3,0.14,0.08,0.7,0.23,3,0,0.05
123,"Tamarind, fruit, fresh",Ukwaju mbichi,14,79,22,61,66,96,49,61,52,79,215,105,59,0.2,0,0,0.4,15.3,0.1,0,0.1,0,2.7,3.3,63,7,7,5,115,0,0.2,0,0,0.04,0.05,5,0,0,1,6,0.02,0.01,0.1,0.05,3,0,0.06
124,"Tangerines, raw", Machenza,2,7,8,12,12,2,3,5,4,9,6,3,53,0.81,0,0,0.31,13.34,0.039,A,0.065,0,1.8,10.58,0,40,14,10,181,0,0.1,0,0.1,0.05,0.03,34,0,0,0.2,26.7,0.058,0.036,0.376,0.078,16,0,0.216
125,"Watermelon, raw",Tikiti maji,7,27,19,18,62,6,2,15,12,16,59,6,30,0.6,0,0,0.2,7.6,0.016,0.037,0.05,0,0.4,7.6,0,7,11,10,112,1,0.2,0,0.1,0.03,0.04,28,0,0,0,8.1,0,0.02,0.2,0,3,0,0.21
126,Passion juice,Juisi ya pesheni,110.1,0.3,0,0,0,28.4,0,0,0,0,0.8,25.5,110.1,0.3,0,0,0,28.4,0,0,0,0,0.8,25.5,0,2.2,5.3,2.8,79.3,0.2,0.1,0,0,0,0,21.6,0,0,0.4,2.8,0,0,0.4,0,1.2,0,0.1
127,Peach,peach,7,27,19,18,62,6,2,15,12,16,59,6,39,0.6,0,0,0.1,10,0,0,0,0,1.8,5,0,6,20,9,190,0,0.2,0,0.2,0.06,0.05,49,0,0,1,6,0.02,0.04,0.9,0.02,3,0,0.15
128,Raspberry,Rasiberi,7,19,14,31,25,1,5,18,21,18,26,12,52,0.7,0,0,0.4,12.8,0,0,0.2,0,5,0.4,0,25,29,22,151,1,0.7,0,0.4,0.14,0.7,16,0,0,1,21,0.03,0.04,0.4,0.06,34,0,0.24
129,"Apples, raw, with skin",Apple,2,6,7,11,11,2,3,4,4,8,5,3,52,0.2,0,0,0.2,13.8,0,0,0.1,0,2.4,10.4,55,6,11,5,107,1,0.1,0,0,0.04,0.04,3,0,0,0.18,4.6,0.017,0.026,0.091,0.041,3,0,0.061
130,Durian,Duriani,7,34,33,123,37,37,4,38,24,47,47,81,147,1.5,0,0,5.3,27.1,0,0,0,0,3.8,8.1,0,6,39,30,436,2,0.4,0,0.3,0.2,0.3,2,0,0,0,47.9,0.4,0.2,1.1,0.3,36,0,0.2
131,"Custard-apple (bullock's heart), raw",Sitafeli,7,34,33,123,37,4,17,38,24,47,47,81,101,1.7,0,0,0.6,25.2,0,0.1,0.1,0,2.4,9.9,20,23,23.4,60,414,9,0.7,0,1.4.,2.4,0.28,2,0,0,0,19.2,0.08,0.1,0.5,0.221,0,0,0.135
132,"Soursop, raw",Staferi,11,27,19,18,60,7,2,15,12,16,59,6,66,1,0,0,0.3,16.84,0.051,0.09,0.069,0,3.3,13.54,20,14,27,21,278,14,0.6,0,0.1,0.0896,0.05,0,0,0,0.08,20.6,0.07,0.05,0.9,0.06,14,0,0.3
133,"Date, red, dried",Tende ulyokaushiwa,12,70,19,54,58,86,43,54,46,70,191,94,240,2.6,0,0,0.4,63.3,0.2,0,0.1,0,3.2,0,0,39,78,26,601,10,1.7,0,0.2,0.25,0.25,1,0,0,1,2,0.13,0.07,0.6,0.2,2,0,0.04
134,"Date, yellow",Tende mbichi,3,10,11,17,17,3,4,7,6,13,9,4,84,0.3,0,0,0.6,21.7,0.1,0,0.1,0,3.8,4.7,89,10,10,7,163,0,0.3,0,0,0.06,0.07,7,0,0,1,9,0.03,0.01,0.1,0.07,4,0,0.09
151,"Bambara groundnut, fresh",Njugu mawe mbichi,150,492,543,883,739,150,113,559,443,549,994,332,141,12.4,0,0,6.4,11.1,0.7,1.2,3,0,4.2,0.5,270,145,158,60,539,14,2.5,0,0.9,0.12,0.5,16,0,0,2,17,0.26,0.16,1.3,0.06,111,0,0.13
153,"Beans, kidney, mature, boiled without salt", Maharage makavu yaliyopikwa,140,319,41,736,607,113,81,511,205,500,475,238,127,8.67,0,0,0.5,22.8,0.073,0.039,0.278,0,6.4,0.32,617,28,142,45,403,2,2.9,0,1.1,0.24,0.48,0,0,0,0.03,1.2,0.16,0.058,0.578,0.12,130,0,0.22
154,"Bean, kidney, green, cooked",Maharage mabichi yaliyopikwa,135,478,502,908,779,170,123,614,320,595,703,317,166,11.4,0,0,0.7,29.9,0.1,0,0.4,0,8.4,1.3,808,37,186,59,528,3,3.8,0,1.4,0.31,0.63,0,0,0,0,1,0.21,0.08,0.8,0.16,170,0,0.29
155,"Bean, mung, dry",Choroko kavu,95,294,314,592,523,110,85,451,250,368,535,240,116,7.7,0,0,0.5,20.8,0.1,0,0.2,0,6.5,1.4,358,24,156,53,278,4,2.5,0,1.3,0.27,0.48,2,0,0,0,0,0.2,0.06,0.5,0.1,208,0,0.41
156,"Bean, mung, raw",Choroko mbichi,251,776,829,1563,1381,290,224,1191,660,972,1412,634,306,20.3,0,0,1.3,54.9,0.3,0,0.5,0,17.2,3.7,945,63,412,140,734,11,6.6,0,3.4,0.71,1.27,5,0,0,0,0,0.53,0.16,1.3,0.26,549,0,1.08
157,Cashewnut,Korosho,358,739,866,1552,666,227,358,1113,705,1028,2495,558,589,20,0,0,52.2,20.4,4.9,33.9,11,0,10.9,5,2580,266,520,296,732,11,3.7,0,2.9,0.94,2.27,0,0,0,24,1,0.21,0.78,3.4,0.11,59,0,0.47
158,Chickpea,Dengu,85,329,380,631,593,116,119,475,220,372,835,244,164,8.9,0,0,2.6,27.4,0.3,0.6,1.2,0,7.5,1.4,293,49,168,48,291,7,2.9,0,1.5,0.35,1.03,3,0,0,0,1,0.12,0.06,0.5,0.14,172,0,0.29
159,Chickpea flour (besan),Unga wa dengu,272,1053,1216,2019,1898,371,381,1520,704,1190,2672,781,387,22.39,0,0,6.69,57.82,0.693,1.504,2.983,0,10.8,10.85,938,157,538,154,931,22,9.3,0,4.8,1.12,3.3,2,0,0,0.83,0,0.486,0.106,1.762,0.492,437,0,0.606
160,"Coconu immature, meat and water", Maji na nyama ya dafu,6,20,23,39,29,8,11,23,15,31,62,12,70,0.5,0,0,3.4,10,3,0.1,0,0,0.9,7.4,32,126,48,3,66,5,0.4,0,0.1,0.07,0.18,0,0,0,0,1,0.02,0.01,0.2,0.02,8,0,0.09
163,"Cowpea, uncooked",Kunde kavu zisizopikwa,95,294,314,592,523,110,85,451,250,368,535,240,336,23.5,0,0,1.3,60,0.3,0.1,0.5,0,10.6,6.9,945,63,412,140,734,11,6.6,0,3.4,0.71,1.27,5,0,0,0,0,0.53,0.16,1.3,0.26,549,0,1.08
164,Groundnuts,Karanga,250,883,907,1672,926,317,387,1049,1082,3085,652,1025,567,25.8,0,0,49.2,16.1,6.8,24.4,15.6,0,8.5,3.8,1760,92,376,168,705,18,4.6,0,3.3,1.14,1.93,0,0,0,9,0,0.25,0.11,14.3,0.26,126,0,1.39
165,"Pigeon peas, cooked",Mbaazi uliyopikwa,250,883,907,1672,926,317,331,1337,1049,1082,3085,652,121,6.7,0,0,0.4,19.7,0.1,0,0.2,0,5.4,0.7,398,36,125,43,268,5,1.5,0,1,0.26,0.42,2,0,0,0,0,0.1,0.09,0.7,0,111,0,0.3
166,"Pigeon peas, green",Mbaazi mchanga mbichi,72,270,306,572,486,62,97,321,241,338,702,193,148,9.5,0,0,0.4,27.5,0,0,0.2,0,9.7,8.4,49,48,206,69,477,5,2.6,0,2.1,0.3,0.93,106,0,0,0,25,0.46,0.26,3.5,0.39,111,0,0.26
167,Sesame seed,Ufuta,65,354,340,563,553,143,56,348,197,408,744,185,573,17.7,0,0,49.7,23.5,7,18.8,21.8,0,16.9,0.7,4710,975,629,351,468,11,14.6,0,7.8,4.08,2.46,1,0,0,2,0,0.79,0.25,4.5,0.79,97,0,0.05
168,"Soybean, yellow",Maharage ya soya ya njano,388,736,763,1358,569,586,358,940,743,990,2630,522,415,36.5,0,0,20,30.3,3,4.5,11.3,0,9.3,4.3,1473,278,705,280,1798,3,15.8,0,5,1.65,2.53,3,0,0,3,3,0.4,0.7,1,0.2,133,0,0.43
169,Sunflower seed,Mbegu za alizeti,530,1585,1770,2973,2430,493,588,1905,1380,1820,2830,985,588,26.4,0,0,54.8,9.4,7.7,20.7,24,0,10.1,0.7,5160,131,776,347,407,40,7.8,0,10.3,1.46,1.43,7,0,0,2,0,0.72,0.09,4.7,0.15,96,0,0.68
170,"Beans, kidney, mature seeds, raw", Maharage mabichi yasiyopikwa,279,992,1041,1882,1618,355,256,1275,664,1233,1460,656,333,23.58,0,0,0.83,60.01,0.12,0.064,0.457,0,24.9,2.23,1586,72,365,116,1036,5,7.5,0,2.8,0.62,1.23,0,0,0,0.22,4.5,0.529,0.219,2.06,0.397,394,0,0.78
171,"Pigeon peas, raw",Mbaazi kavu hazijapikwai,209,783,887,1659,1409,180,281,931,699,980,2036,560,343,21.7,0,0,1.49,62.78,0.33,0.012,0.814,0,15,2,1154,104,363,125,777,15,4.4,0,2.9,0.75,1.22,1,0,0,0,0,0.643,0.187,2.965,0.283,456,0,1.266
172,Pumpkin seed,Mbegu za boga,350,873,954,1591,615,663,387,1131,833,1094,2461,501,435,19.5,0,0,40.6,7,5.7,15.3,17.8,0,7.5,0.5,3818,97,574,257,301,30,5.8,0,7.6,1.08,1.06,5,0,0,1,0,0.53,0.07,3.5,0.11,71,0,0.5
173,Hyancinth beans (dried), Fiwi kavu,251,776,829,1563,1381,290,224,1191,660,972,1412,634,306,20.3,0,0,1.3,54.9,0.3,0,0.5,0,17.2,3.7,945,50,412,140,734,11,6.6,0,3.4,0.71,1.27,5,0,0,0,0,0.53,0.16,1.3,0.26,549,0,1.08
174,"Hyacinth-beans, immature, raw", Fiwi mchanga mbichi,0,0.1,0.1,0.2,0,0,0,0,0,0.2,0.1,0.1,46,2.1,0,0,0.2,9.2,0.1,0.1,0,0,7.8,3.4,20,50,49,40,252,2,0.7,0,0.4,0,0.2,7,0,0,0,5.1,0.056,0.088,0.48,0.023,47,0,0.053
175,Palm  seed,Mbegu za mawese,7,23,22,36,31,14,15,26,17,30,59,17,203,0.6,0,0,20.2,6.7,16.3,2.4,0.3,0,1.7,2.1,8,3,14,12,61,0,0.2,0,0.1,0.05,0.22,1002,0,0,0,4,0.02,0.02,0.1,0.05,9,0,0.07
176,"Hyacinth-beans, immature, boiled without salt", Fiwi changa zilizopikwa,26,124,201,307,203,26,26,65,53,318,201,124,50,2.95,0,0,0.27,9.2,0.119,0.129,0.01,0,3.9,3.4,20,41,49,42,262,2,0.8,0,0.4,0,0.2,5,0,0,0,12.9,0.1,0.1,0.5,0,62,0,0.1
177,"Lentil, cooked", Adesi zilizopikwa,217,866,1045,1753,1688,206,316,1193,646,1201,1868,681,116,9,0,0,0.4,20.1,0.1,0.1,0.2,0,7.9,0.7,358,51,482,96,989,5,8.8,0,3.5,0.67,1.31,3,0,0,0,5,0.46,0.19,2.9,0.48,485,0,1.72
178,"Peanut butter, smooth ",Siagi ya karanga,200.8,706.4,725.6,1337.6,740.8,253.6,309.6,839.2,865.6,2468,521.6,820,520,25.9,0,0,34,35.65,7.4,16.156,10.266,0,5.2,7.81,1600,35,369,170,669,540,1.9,0,2.8,0.6,0.1,0,0,0,6.7,0,0.3,0.1,14.6,0.3,60,0,0
179,Almonds,Lozi,358,739,866,1552,666,227,358,1113,705,1028,2495,558,578,21.2,0,0,50.6,19.7,3.9,32.1,12.2,0,11.8,4.8,2580,248,4.7,275,7.3,1,4.3,0,3.4,1.1,2.5,0,0,0,24,0,0.21,0.78,3.4,0.11,59,0,0.47
180,"Lentil, whole",Adesi,12,52,50,94,58,20,18,69,39,60,124,33,311,24.1,0,0,1.1,53.9,0.3,0.3,0.5,0,21.2,1.9,959,8,39,26,303,3,0.8,0,0.5,0.17,0.24,0,0,0,5,12,0.1,0.03,0.6,0.23,16,0,0.31
201,"Beef, liver, cooked",Maini ya kupikwa,351,1116,1116,2294,1693,616,374,1299,967,1506,1533,667,191,29.1,29.1,29.1,5.3,5.1,1.696,0.647,0.663,396,0,0,0,6,485,23,351,77,6.2,6.2,5.2,14.6,0.41,20357,20357,1,0,15,0.18,3.6,10.3,0.52,290,110,5.7
202,"Beef, medium fat, cooked",Nyama yenye mafuta kiasi iliyopikwa,280,1089,1121,1970,2074,638,280,974,838,1213,1576,854,323,24.9,24.9,24.9,24,0,11.4,10.1,0.9,82,0,0,0,4,194,23,340,53,1.7,1.7,4.1,0.09,0.01,0,0,0,0,0,0.08,0.15,3.2,0.33,6,1.87,0.4
203,"Beef, tripe",Utumbo,163,633,652,1146,1206,371,163,566,487,705,916,497,83,14.5,14.5,14.5,2.4,0,0.9,1,0.1,35,0,0,0,3,113,14,198,31,1,1,2.4,0.05,0.01,0,0,0,0,0,0.05,0.09,1.9,0.19,4,1.09,0.23
204,"Beef, boneless","Nyama bila mifupa, steki",189,736,757,1331,1401,431,189,658,566,819,1065,577,267,16.9,16.9,16.9,21.6,0,10.4,9,0.8,61,0,0,0,3,132,15,230,36,1.1,1.1,2.7,0.06,0.01,0,0,0,0,0,0.05,0.1,2.2,0.22,4,1.26,0.27
205,"Beef liver, raw",Maini mabichi,263,869,967,1910,1607,543,376,1084,807,1260,1241,629,135,20.36,20.4,20.4,3.63,3.89,1.233,0.479,0.481,275,0,0,0,5,387,18,313,69,4.9,4.9,4,0.8,0.3,4968,4968,1,0.38,1.3,0.189,2.755,13.175,1.083,290,59.3,7.173
206,Chicken liver, Maini ya kuku,343,1083,1294,2198,1843,577,327,1212,857,1535,1493,647,167,24.46,24.5,24.5,6.51,0.87,2.06,1.416,1.292,563,0,0,0,14,312,21,140,51,8.5,8.5,4.3,0.37,0.3,3981,3981,0,0.82,27.9,0.291,1.993,11.045,0.755,578,16.85,6.668
207,"Chicken, fried",Kuku wa kukaanga,211,779,944,1373,1538,502,250,732,608,915,1176,555,314.9,18.8,18.8,18.8,26.5,0,15.1,5.8,3.1,55,0,0,0,9.6,126,14,127.1,567.3,1,1,1.3,0.1,0,27,27,0,0.4,0,0.1,0.2,4.1,0.2,4,0.2,0.5
208,"Chicken, raw",Nyama ya kuku mbichi,211,779,944,1373,1538,502,250,732,608,915,1176,555,200,18.8,18.8,18.8,13.2,0,3.6,5,2.9,55,0,0,0,9,126,14,127,51,1,1,1.3,0.07,0.01,27,27,0,0,0,0.06,0.17,4.1,0.18,4,0.16,0.53
220,"Fish, fresh",Samaki mbich,203,792,832,1469,1659,535,193,705,610,931,1081,532,98,18.1,18.1,18.1,2.4,0,0.5,0.8,0.6,45,0,0,0,7,69,21,122,39,0.3,0.3,0.3,0.02,0.01,0,0,0,0,17,0.14,0.07,0.7,0.45,51,0,0.38
251,Ice cream,Icekrimu,50,161,215,348,282,90,32,172,172,238,129,96,126,4.9,4.9,0,2.5,21.8,1.63,0.76,0.1,12,0,10.8,0,124,99,12,151,59,0.1,0,0.4,0.01,0,29,59,0,0,0.9,0.1,0.18,0.1,0,5,0.5,0.38
252,"Infant formula, Lactogen",Maziwa ya watoto wachanga (Lactogen),311,1006,1343,2174,1762,560,203,1073,1073,1485,803,601,464,21.6,21.6,0,19,51.6,11.7,5.4,0.4,25,0,12,0,770,600,70,970,320,8,0,3.5,0.3,33,420,420,7,4,37,0.3,0.6,3.5,0.3,42,1,2.1
253,"Milk, condensed, sweetened",Maziwa yai ya kopo yenye sukari,110,353,474,767,621,197,72,378,378,524,284,213,320,7.8,7.8,0,8.7,54.5,5.3,2.6,0.2,33,0,41.6,0,300,234,28,349,122,0.2,0,0.9,0.04,0.01,62,62,0,0,2,0.06,0.38,0.2,0.06,9,0.18,0.74
254,"Milk powder, full-cream",Maziwa ya unga namafuta,340,1103,1473,2383,1931,614,222,1177,1177,1628,881,659,496,26.32,26.3,0,26.71,38.42,16.742,7.924,0.665,97,0,38.42,0,851,681,81,1036,407,0.7,0,3,0,0,407,407,0,0,7,0.3,1.26,0.7,0.44,44,2.96,2.59
255,"Milk whole, 3.25% milk fat",Maziwa ya ng'ombe halisi,75,143,165,265,140,75,17,147,152,192,75,75,60,3.22,3.2,0,3.25,4.52,1.865,0.812,0.195,10,0,5.26,0,115,92,11,140,55,0.1,0,0.4,0,0,28,28,0,0.06,0,0.044,0.183,0.107,0.036,5,0.44,0.362
256,"Yogurt, plain, whole milk",Maziwa mtindi/magando,61,319,426,760,660,215,67,401,379,596,240,193,61,3.47,3.47,0,3.25,4.66,2.096,0.893,0.092,13,0,4.66,0,121,95,12,155,0,0,0,0,0,0,27,27,0,0.06,0.5,0.029,0.142,0.075,0.032,7,0.37,0.389
257,"Milk, condensed, evaported, without vitamin A", Maziwa ya maji ya kopo bila vitamin A,96,307,412,667,540,171,63,329,329,456,247,185,134,6.81,6.8,0,7.56,10.04,4.591,2.335,0.245,29,0,10.04,0,261,203,24,303,106,0.2,0,0.8,0,0,65,65,0,0.14,1.9,0.047,0.316,0.194,0.05,8,0.16,0.638
258,"Cheese, cream",Kimu yoa jibini,0.1,0.3,0.4,0.7,0.7,0.2,0.1,0.4,0.4,0.4,0.3,0.3,349,7.6,7.6,0,34.9,2.7,21.9,9.8,1.3,110,0,0,0,80,104,6,119,296,1.2,0,0.5,0,0,366,366,0,0.3,0,0,0.2,0.1,0,13,0.4,0.3
259,"Cheese, mozarella",Jibini mozarella,0.5,1,1.1,1.8,1,0.5,0.1,1,1,1.3,0.5,0.5,300,22.2,22.2,0,22.3,2.2,13.2,6.6,0.8,79,0,0.03,0,505,354,20,76,627,0.4,0,2.9,0,0,179,179,0,0.2,0,0,0.3,0.1,0,7,2.3,0.1
260,"Milk powder, non-fat, without vitamin A", Maziwa ya unga bila mafuta na vitmmin A,510,1632,2188,3542,2868,907,334,1746,1746,2420,1309,981,362,36.2,36.2,0,0.7,52,0.5,0.2,0,20,0,52,0,1257,968,110,1794,535,0.3,0,4.1,0,0,6,6,0,0,6.8,0.4,1.6,0.9,0.4,50,4,3.6
261,"Cheese, chedder",Jibini chedder,0.3,0.9,1.5,2.4,2.1,0.7,0.1,1.3,1.2,1.7,0.9,0.9,403,24.9,24.9,0,33.1,1.3,21.09,9.4,0.9,105,0,0.24,0,721,512,28,98,621,0.7,0,3.11,0,0,265,265,0,0.29,0,0.3,0.4,0.1,0.07,18,0.8,0.4
306,Egg yolk,Kiini cha yai,390,1104,897,1646,1427,864,428,1260,920,1328,1148,480,278,19.2,19.2,19.2,20.7,2.3,5.6,9.8,1.8,1326,0,0,0,96,330,26,333,219,5.9,0,2.1,0.09,0.06,810,810,8,2,0,0.24,0.6,0.3,0.38,120,8.1,1.89
307,"Egg, chicken",Yai la kuku,153,604,686,1075,904,392,292,668,513,767,755,298,155,12.6,12.6,12.6,10.6,1.1,3.3,4.1,1.4,424,0,0,0,50,172,10,126,124,1.2,0,1.1,0.01,0.03,169,169,1,1.03,0,0.066,0.513,0.064,0.121,44,1.11,1.398
308,"Fish, dried, cod",Samaki mkavu,896,3504,3682,6496,7340,2366,858,3119,2699,4116,4781,2352,368,79.8,79.8,79.8,3.2,0,0.7,0.4,1.1,193,0,0,0,49,483,147,854,273,1.8,1.8,2.1,0.14,0.07,49,49,4,4,4,0.32,0.28,8.8,0.98,42,3.68,0.56
309,"Fish, dried, fresh water",Samaki mkavu wa ziwani,662,2590,2722,4802,5424,1750,634,2306,1994,3043,3535,1740,335,58.6,58.6,58.6,9.4,0,2,3.6,2,57,0,0,0,1700,1300,140,953,312,2.5,2.5,5.2,0.45,2.1,0,0,2,0,0,0.1,0.27,8.1,0.41,28,12,1.54
310,"Fish, high fat",Samaki wa mafuta mengi,122,479,503,888,1004,323,117,426,369,563,654,322,103,10.6,10.6,10.6,6.8,0,1.9,3.1,1.1,26,0,0,0,17,125,17,192,88,0.5,0.5,0.3,0.06,0.03,18,18,13,0,0,0,0.09,2.1,0.3,5,5.72,0.46
311,"Fish, raw",Samaki,239,936,984,1735,1961,632,229,834,721,1100,1278,629,112,21.4,21.4,21.4,2.3,0,0.3,0.8,0.7,33,0,0,0,48,228,86,461,55,0.9,0.9,0.4,0.03,0.02,43,43,12,1,0,0.06,0.07,5.7,0.32,11,1.1,0.22
312,"Fish, sardines",Dagaa,239,936,984,1735,1961,632,229,834,721,1100,1278,629,112,21.4,21.4,21.4,2.3,0,0.3,0.8,0.7,33,0,0,0,48,228,86,461,55,0.9,0.9,0.4,0.03,0.02,43,43,12,1,0,0.06,0.07,5.7,0.32,11,1.1,0.22
313,"Fish, small, dried, fresh water",Samaki wadogo wakavu wa ziwani/mtoni,662,2590,2722,4802,5424,1750,634,2306,1994,3043,3535,1740,335,58.6,58.6,58.6,9.4,0,2,3.6,2,57,0,0,0,1700,1300,140,953,312,2.5,2.5,5.2,0.45,2.1,0,0,2,0,0,0.1,0.27,8.1,0.41,28,12,1.54
314,"Fish, small, fresh, fresh water",Samaki wadogo wabichi wa ziwani/mtoni,166,648,681,1202,1358,438,158,577,499,762,885,435,84,14.8,14.8,14.8,2.3,0,0.6,0.9,0.5,58,0,0,0,9,243,22,335,40,0.3,0.3,0.5,0.03,0.02,12,12,10,2,1,0.18,0.06,1.9,0.09,8,2.32,0.73
315,Goat meat,Nyama ya mbuzi,280,1089,1121,1970,2074,638,280,974,838,1213,1576,854,269,24.9,24.9,24.9,18,0,8.4,7.6,0.7,75,0,0,0,4,194,23,340,53,1.7,1.7,4.1,0.09,0.01,0,0,0,0,0,0.08,0.15,3.2,0.33,6,1.87,0.4
316,"Mutton, meat",Nyama ya kondoo,280,1089,1121,1970,2074,638,280,974,838,1213,1576,854,269,24.9,24.9,24.9,18,0,8.4,7.6,0.7,75,0,0,0,4,194,23,340,53,1.7,1.7,4.1,0.09,0.01,0,0,0,0,0,0.08,0.15,3.2,0.33,6,1.87,0.4
317,"Pork, medium fat, cooked",Nyama ya nguruwe ya kupikwa (mafuta kiasi),246,890,911,1566,1757,515,249,780,677,1059,1225,775,537,19.6,19.6,19.6,50.2,0,19.3,22.5,5.4,101,0,0,0,18,165,17,251,44,0.8,0.8,2.1,0.05,0.01,1,1,1,0,0,0.55,0.23,3.5,0.28,4,0.55,0.48
318,Sausage,Soseji,157,777,717,1317,1494,478,198,657,566,789,1160,566,369,19.7,19.6,19.6,31.2,1,10.8,13.9,3.8,83,0,0.3,0,32,184,17,361,1294,1.3,1.3,2.5,0.14,0.07,1,1,1,0,2,0.74,0.25,4.5,0.33,3,1.73,0.72
319,"Fish, smoked, dried-AP",Samaki wa kukausha kwa moshi,432,1690,1775,3133,3539,1141,414,1504,1302,1985,2306,1134,177,38.5,38.5,38.5,1.5,0,0.3,0.2,0.5,93,0,0,0,24,233,71,412,132,0.8,0.8,1,0.06,0.02,0,0,4,0,0,0.1,0.11,7.3,0.82,35,3.05,0.47
320,"Fish, smoked, dried-EP",Minofu ya samaki iliyokaushwa kwa moshi (EP),745,2913,3061,5401,6102,1967,713,2593,2244,3422,3975,1956,306,66.4,66.4,66.4,2.5,0,0.5,0.4,0.8,160,0,0,0,41,402,122,710,227,1.4,1.4,1.7,0.1,0.04,0,0,0,4,0,0,0.1,0.11,7.3,0.82,35,3.05
352,"Banana, cooked",Ndizi ya kupika,116,0.8,0,0,0.2,31.2,0.1,0,0.1,0,2.3,3.3,116,0.8,0,0,0.2,31.2,0.1,0,0.1,0,2.3,3.3,0,2,28,32,465,5,0.6,0,0.1,0.07,0.15,91,0,0,0,11,0.05,0.05,0.8,0.24,26,0,0.23
356,"Taro, raw",Magimbi ya kupikwa,23,69,54,111,67,20,32,82,55,82,103,34,112,1.5,0,0,0.2,26.46,0.041,0.016,0.083,0,4.1,0.4,78,43,84,33,591,11,0.1,0,0.2,0.2,0.37,4,0,0,2.38,4.5,0.095,0.025,0.6,0.283,22,0,0.303
357,"Squash, fresh - AP","Squash, fresh - AP",6,18,26,42,40,10,8,26,19,33,30,16,16,0.7,0,0,0.2,3.4,0.1,0,0.1,0,1.1,0.2,0,22,31,19,154,1,0.3,0,0.3,0.08,0.17,23,0,0,0,5,0.03,0.03,0.4,0.06,16,0,0.11
358,"Cassava, raw",Mhogo mbichi,131,0,1.1,0,0,0.3,31.9,0.1,0.1,0.1,0,1.5,160,1.36,0,0,0.28,38.06,0.074,0.075,0.048,0,1.8,1.7,54,16,27,21,271,14,0.3,0,0.3,0.05,0.11,1,0,0,0.19,20.6,0.087,0.048,0.854,0.088,27,0,0.107
359,"Cassava, dried, flour",Unga wa mhogo mkavu,314,2.6,0,0,0.7,76.6,0.2,0.2,0.2,0,3.6,2.2,314,2.6,0,0,0.7,76.6,0.2,0.2,0.2,0,3.6,2.2,130,46,168,24,583,5,1.9,0,0.7,0.12,0.26,14,0,0,0,72,0.31,0.05,1.4,0.7,36,0,0.7
360,"Sweet potato, fresh-AP",Viazi vitamu na maganda,74,1.2,0,0,0.1,17.5,0,0,0,0,2.2,2,74,1.2,0,0,0.1,17.5,0,0,0,0,2.2,2,7,20,40,14,251,7,0.4,0,0.2,0.15,4,1056,0,0,4,18,0.05,0.09,0.4,0.17,17,0,0.47
361,"Sweet potato, fresh--EP",Viazi vitamu bila maganda,103,1.7,0,0,0.1,24.3,0,0,0,0,3,2.8,103,1.7,0,0,0.1,24.3,0,0,0,0,3,2.8,10,28,55,20,348,10,0.5,0,0.3,0.21,0.56,1467,0,0,5,25,0.07,0.13,0.6,0.24,23,0,0.65
362,"Cassava, dried ",Mhogo mkavu,314,2.6,0,0,0.7,76.6,0.2,0.2,0.2,0,3.6,2.2,314,2.6,0,0,0.7,76.6,0.2,0.2,0.2,0,3.6,2.2,130,46,168,24,583,5,1.9,0,0.7,0.12,0.26,14,0,0,0,72,0.31,0.05,1.4,0.7,36,0,0.7
364,"Cassava, spicy crisps or chips",Chips za mihogo,288,2.4,0,0,0.7,70.2,0.2,0.2,0.2,0,3.3,2,288,2.4,0,0,0.7,70.2,0.2,0.2,0.2,0,3.3,2,119,42,154,22,535,4,1.8,0,0.7,0.11,0.24,13,0,0,0,66,0.29,0.04,1.3,0.64,33,0,0.64
365,"Breadfruit, raw", Sheli sheli mbichi,0,52,64,85,37,10,9,26,19,47,0,0,103,1.07,0,0,0.23,27.12,0.048,0.034,0.066,0,4.9,11,0,17,30,25,490,2,0.5,0,0.1,0.08,0.06,0,0,0,0.1,29,0.11,0.03,0.9,0.1,14,0,0.457
365,"Breadfruit, raw", Sheli sheli mbichi,107,1.7,0,0,0.5,25.5,0.1,0,0.1,0,1.5,3.1,103,1.07,0,0,0.23,27.12,0.048,0.034,0.066,0,4.9,11,0,17,30,25,490,2,0.5,0,0.1,0.07,0.1,4,0,0,1,29,0.09,0.03,0.8,0.3,10,0,0.56
366,"Squash, fresh-EP",Boga la kupikwa,8,22,33,53,50,13,10,32,24,41,38,20,20,0.9,0,0,0.3,4.3,0.1,0,0.1,0,1.4,0.2,0,27,39,24,192,1,0.4,0,0.4,0.1,0.21,29,0,0,0,6,0.04,0.04,0.5,0.07,20,0,0.14
367,"Edible starch, tapioca or corn",Wanga (mahindi/magimbi),1,9,10,36,6,6,6,13,10,14,12,8,381,0.3,0,0,0.1,91.3,0,0,0,0,0.9,0,0,2,13,3,3,9,0.5,0,0.1,0.05,0.05,0,0,0,0,0,0,0,0,0,0,0,0
368,"Yam, raw",Yam Viazi vikuu,12,52,50,94,58,20,18,69,39,60,124,33,97,2.1,0,0,0.1,22.9,0,0,0.1,0,1.2,0.4,50,8,39,26,303,3,0.8,0,0.5,0.17,0.24,0,0,0,5,12,0.1,0.03,0.6,0.23,16,0,0.31
369,"Sweet potato, orange",Viazi vitamu ya nyekundi -njano,21,86,86,126,85,42,14,103,71,112,80,32,103,1.7,0,0,0.1,24.3,0,0,0,0,3,2.8,10,28,55,20,348,10,0.5,0,0.3,0.21,0.56,1467,0,0,5,25,0.07,0.13,0.6,0.24,23,0,0.65
401,"Amaranth, leaves, raw", Mchicha mbichi,24,130,175,306,173,51,32,168,116,196,196,87,23,8.5,0,0,0.5,8.5,0.1,0,0.1,0,4.2,0,42,96.9,50,55,380.9,6.6,2.3,0,0.6,0.2,0.9,146,0,0,0,44.5,0.5,7.6,0.658,0.192,85,0,0.064
402,"Cabbage, cooked",Kabichi ya kupika,6,22,32,33,30,6,5,20,11,27,36,13,14,0.6,0,0,0.3,2.8,0.1,0,0.1,0,1.8,0.3,0,20,9,5,61,5,0.1,0,0.1,0.01,0.08,8,0,0,0,13,0.04,0.04,0.2,0.07,13,0,0.09
403,"Cabbage, raw, green, white", Kabichi nyeupe,10,35,51,52,47,10,8,32,17,43,57,20,25,1.28,0,0,0.1,5.8,0.034,0.017,0.017,0,2.5,3.2,0,40,26,12,170,18,0.5,0,0.2,0.01,0.2,5,0,0,0.15,36.6,0.061,0.04,0.234,0.124,43,0,0.212
404,"Carrots, raw",Karoti isiyopikwa,12,40,43,46,43,7,9,34,21,46,45,17,41,0.93,0,0,0.24,9.58,0.037,0.014,0.117,0,2.8,4.74,9,33,35,12,320,69,0.3,0,0.2,0,0.1,841,0,0,0.66,5.9,0.066,0.058,0.983,0.138,19,0,0.273
405,"Cauliflower, cooked without salt",Kaoliflower,15,49,72,73,67,14,12,45,24,61,81,29,12,0.7,0,0,0.1,2.6,0,0,0,0,1.1,0.2,0,23,11,7,121,9,0.3,0,0.1,0.01,0.08,6,0,0,0,16,0.02,0.02,0.1,0.05,21,0,0.07
406,"Cauliflower, raw",Kaoliflower mbichi,12,36,31,50,43,12,19,30,20,41,46,20,25,1.98,0,0,0.1,5.3,0.032,0.014,0.099,0,2.5,2.4,0,22,44,15,303,30,0.4,0,0.3,0.02,0.16,1,0,0,0.08,46.4,0.057,0.063,0.526,0.222,57,0,0.652
407,"Cucumber, with peel, raw",Tango,5,19,21,29,29,6,4,19,11,22,44,10,15,0.65,0,0,0.11,3.63,0.037,0.005,0.032,0,0.5,1.67,0,16,21,13,147,2,0.3,0,0.2,0.03,0.08,5,0,0,0.03,2.8,0.027,0.033,0.098,0.04,7,0,0.259
408,"Egg plant, raw",Biringanya,24,130,175,306,173,51,32,168,116,196,196,87,24,1.01,0,0,0.19,5.7,0.034,0.016,0.076,0,3.4,2.35,0,9,25,14,230,2,0.4,0,0.1,0.11,0.3,1,0,0,0.3,2.2,0.039,0.037,0.649,0.084,22,0,0.281
409,Cassava leaf,(Majani ya mhogo),7,24,35,36,33,7,6,22,12,30,40,14,37,3.7,0,0,0.2,7.3,0,0,0.1,0,0.6,0,42,211,72,62,550,11,3.1,0,0.4,0.19,0.12,519,0,0,0,33,0.09,0.19,0.9,0.54,104,0,0.25
410,Cowpea leaf,Majani ya kunde,8,30,36,52,39,9,4,35,22,43,46,19,37,9.3,0,0,0.8,7.3,0,0,0.1,0,3.3,0,42,49.7,72,62,248,5.7,0.8,0,1.4,0.19,0.12,519,0,0,0,32.4,0.09,8.3,0.9,0.54,104,0,0.25
411,"Green medium, leaf",Mboga za majani,24,130,175,306,173,51,32,168,116,196,196,87,15,2.3,0,0,0.2,2.1,0,0.1,0,0,2,0,42,74,41,15,202,16,1.1,0,0.2,0.06,0.29,303,0,0,2,25,0.04,0.06,0.4,0.11,73,0,0.02
412,"Pumpkin leaf, raw",Majani ya maboga,20,63,59,105,74,26,13,70,44,78,72,28,19,7,0,0,0.7,9,0.207,0.052,0.022,0,4.4,0,42,114.5,29,28.4,203,29,0.63,0,1.1,0.25,0.34,550,0,0,2,24.5,0,8.5,0.4,0.18,118,0,0.27
413,"Taro leaf, raw",Majani ya maghimbi,23,69,54,111,67,20,32,82,55,82,103,34,42,4.98,0,0,0.74,6.7,0.151,0.06,0.307,0,3.7,3.01,0,137,29,22,203,29,0.8,0,0.1,0.25,0.34,241,0,0,2.02,52,0.209,0.456,1.513,0.146,126,0,0.084
414,Lettuce,Mboga ya majani,20,63,59,105,74,26,13,70,44,78,72,28,13,1,0,0,0.2,2.1,0,0,0.1,0,1.4,0.1,0,19,20,9,158,9,0.5,0,0.2,0.03,0.15,33,0,0,0,4,0.05,0.03,0.2,0.04,56,0,0.05
415,Mushroom,Uyoga,25,60,82,69,103,21,34,60,119,88,165,40,27,2.2,0,0,0.5,5.1,0.1,0,0.2,0,2.2,0.2,0,3,86,9,318,5,0.5,0,0.5,0.3,0,0,0,2,0,4,0.07,0.3,4.5,0.1,18,0,2.16
416,"Okra, raw",Bamia,20,63,59,105,74,26,13,70,44,78,72,28,31,2,0,0,0.1,7.03,0.026,0.017,0.027,0,3.2,1.2,77,81,63,57,303,0.6,0.8,0,0.6,0.1,1,19,0,0,0.36,21.1,0.2,0.06,1,0.215,88,0,0.245
417,"Onion, raw",Kitungu,8,53,75,70,75,14,14,49,29,62,63,20,40,1.3,0,0,0.2,9.2,0,0,0.1,0,1.3,1.2,0,23,29,10,146,4,0.2,0,0.2,0,0.14,0,0,0,0.02,7.4,0.046,0.027,0.116,0.12,19,0,0.123
418,"Pea, green, fresh",Njegere mbichi,51,101,89,137,227,43,6,88,48,103,111,60,84,5.4,0,0,0.2,15.6,0,0,0.1,0,5.5,4.8,28,27,117,39,271,3,1.5,0,1.2,0.17,0.53,60,0,0,0,14,0.26,0.15,2,0.22,63,0,0.15
419,"Pumpkin, cooked",Boga la kupikwa,7,14,18,25,17,6,4,18,15,19,25,9,20,0.5,0,0,0.3,4.4,0.1,0,0.2,0,1.4,0.1,0,7,10,4,219,1,0.2,0,0.2,0.05,0.11,201,0,0,0,5,0.05,0.01,0.4,0.04,14,0,0.18
420,"Spinach, cooked",Spinachi iliyopikwa,40,127,152,231,182,55,35,134,113,168,168,66,23,3,0,0,0.3,3.8,0,0,0.1,0,2.4,0,0,136,56,87,466,70,3.6,0,0.8,0.17,0.94,819,0,0,1,10,0.1,0.24,0.5,0.24,146,0,0.15
421,"Tomato, bitter (African egg plant)",Nyanya chungu,10,35,51,52,47,10,8,32,17,43,57,20,22,1,0,0,0.4,4.5,0.1,0,0.2,0,2.8,0.5,6,31,15,8,97,8,0.2,0,0.1,0.01,0.12,13,0,0,0,20,0.06,0.06,0.3,0.11,20,0,0.14
422,"Tomato, green",Nyanya mbichi,6,21,20,31,31,7,11,22,15,22,21,13,21,0.9,0,0,0.3,4.6,0,0.1,0.1,0,1.1,0,6,5,24,11,222,9,0.5,0,0.1,0.07,0.11,87,0,0,0,19,0.06,0.05,0.6,0.08,15,0,0.25
423,"Tomato, ripe",Nyanya mbivu,6,21,20,31,31,7,11,22,15,22,21,13,21,0.9,0,0,0.3,4.6,0,0.1,0.1,0,1.1,0,6,5,24,11,222,9,0.5,0,0.1,0.07,0.11,87,0,0,0,19,0.06,0.05,0.6,0.08,15,0,0.25
424,"Bean, cluster",Guar,19,101,97,160,157,41,16,99,56,116,212,53,42,2.7,0,0,0.1,7.8,0,0,0.1,0,2.8,2.4,14,14,59,20,136,2,0.8,0,0.6,0.09,0.27,30,0,0,0,7,0.13,0.08,1,0.1,32,0,0.08
425,"Bean, french ",Maharage machanga,20,82,69,116,91,23,18,69,44,93,76,35,35,1.9,0,0,0.3,7.9,0.1,0,0.1,0,3.2,0.3,91,46,39,25,299,3,1.3,0,0.4,0.1,0.29,67,0,0,0,0,10,0.07,0.1,0.06,3.3,0,0.07
426,"Hare lettuce, (mchunga)",(mchunga) Mchunga,35,60,82,69,228,86,47,60,119,88,165,40,10.7,1,0,0,0.27,1,0,0.1,0,0,0.4,0,42,66.7,2.8,44.8,21.3,14.5,1.7,0,0.2,0.06,0.29,8.3,0,0,6.1,16,0,0,0.1,0.1,21,0,0.1
427,"Chili, green",Pilipili za kijani,5,19,21,29,29,6,4,19,11,22,44,10,21,0.9,0,0,0.1,5.1,0.01,0.006,0,0,1.3,3.1,35,12,27,11,150,12,0.6,0,0.2,0.05,0.11,39,0,0,1,109,0.05,0.03,0.7,0.21,22,0,0.07
428,Sweet potato leaf,Matembele,35,60,82,69,228,86,47,60,119,88,165,40,35,4.8,0,0,0.3,6.4,0,0.1,0,0,2,0,42,59.2,41,44.8,315.2,10.6,0.48,0,0.2,0.06,0.29,303,0,0,2,21.8,0.6,3.1,0.4,0.11,73,0,0.02
429,Green pepper (capsicum),Pilipili hoho,25,60,82,82,103,21,34,60,119,88,165,40,19,0,1,0,0,0.3,4.5,0.1,0.1,0.2,0,1.5,70,10,23,10,131,10,0.5,0,0.2,0.04,0.1,78,0,0,2,218,0.1,0.06,1.4,0.42,44,0,0.14
430,"Carrot, juice",Juisi ya karoti,12,40,43,46,43,7,9,34,21,46,45,17,45,1.1,0,0,0.2,10.5,0,0,0.1,0,3.3,3.6,9,31,30,13,227,66,0.6,0,0.3,0.13,0.75,1942,0,0,1,2,0.03,0.06,0.5,0.25,14,0,0.3
431,"Cabbage, chinese, raw",Kabichi Chinese,25,60,82,69,103,21,34,60,119,88,165,40,15,2.3,0,0,0.2,2.1,0,0.1,0,0,2,0,42,74,41,15,202,16,1.1,0,0.2,0.06,0.29,303,0,0,2,25,0.04,0.06,0.4,0.1,73,0,0.02
432,"Salad, green",Saladi,34,111,124,147,166,36,55,105,152,135,228,61,36,3.5,0,0,0.9,7.1,0.1,0.1,0.4,0,4.4,0.4,47,94,17,352,22,1.8,0,0.4,0.07,0.1,0.4,399,0,0,3,32,0.06,0.08,0.8,0.16,113,0,0.12
433,"Pepper dried or fresh, hot", Pilipili kavu au mbichi kali,17,70,59,99,77,20,15,59,37,79,65,30,27,1,0,0,0.3,5.8,0.1,0.1,0.1,0,1.7,0.1,35,9,19,11,141,15,0.4,0,0.1,0.41,0.11,471,0,0,1,146,0.04,0.03,0.9,0.23,16,0,0.06
454,"Blackcurrant, syrup, ribena", ribena,11,40,46,69,69,11,17,29,23,52,34,17,338,1.1,0,0,2.3,87.7,0.6,0,0.6,0,15.5,18.9,361,40,40,29,659,0,1.1,0,0,0.23,0.29,29,0,0,6,34,0.11,0.06,0.6,0.29,17,0,0.34
455,"Candy, choclate","Pipi, Choclate",63,168,164,257,212,44,52,204,159,254,240,73,479,4.2,0,0,30,63.1,17.75,9.966,0.966,0,5.9,54.5,84,32,132,115,365,11,3.1,0,1.6,0.7,0.8,0,0,0,0.26,0,0.055,0.09,0.427,0.035,13,0,0.105
458,"Carbonated, beverage, coca cola",Vinywaji baridi (Soda),0,0,0,0,0,0,0,0,0,0,0,0,37,0.07,0,0,0.02,9.56,0,0,0,0,0,8.97,0,3,12,1,1,4,0,0,0,0.01,0.04,0,0,0,0,0,0,0,0,0,0,0,0
459,Cod liver oil,Mafuta ya ini la samaki,0,0,0,0,0,0,0,0,0,0,0,0,884,0,0,0,100,0,14.4,23.3,57.9,0,0,0,0,0,0,0,0,0,0,0,0,0,0,0,0,0,6,0,0,0,0,0,0,0,0
460,Cricket or locust, Senene or Nzige,141,699,645,1185,1345,430,178,591,509,710,1044,509,274,18.2,18.2,18.2,21.5,2,7.5,9.6,2.6,75,0,0,0,90,424,62,545,55,2.5,2.5,8.4,3,1.46,1,1,1,0,2,0.67,0.23,4.1,0.3,3,1.56,0.65
461,Honey,Asali,4,4,8,10,8,1,3,11,8,9,5,1,304,0.3,0,0,0,82.4,0,0,0,0,0,1.5,0,6,4,2,52,4,0.4,0,0.2,0.04,0.08,0,0,0,0,1,0,0.04,0.1,0.02,2,0,0.07
462,"Orange drink, concentrated",Maji ya machungwa kwenye chupa,5,19,21,32,32,5,8,13,11,24,16,8,158,0.5,0,0,1.1,41,0.3,0,0.3,0,7.2,8.8,169,19,19,13,308,0,0.5,0,0,0.11,0.13,13,0,0,3,16,0.05,0.03,0.3,0.13,8,0,0.16
463,"Salt, iodized ",Chumvi yenye madini ya iodine,0,0,0,0,0,0,0,0,0,0,0,0,0,0,0,0,0,0,0,0,0,0,0,0,0,45,0,2,8,38724,0.1,0,0,0.03,0,0,0,0,0,0,0,0,0,0,0,0,0
464,"Salt,,non-iodized", Chumvi bila madini ya iodine,0,0,0,0,0,0,0,0,0,0,0,0,0,0,0,0,0,0,0,0,0,0,0,0,0,45,0,2,8,38724,0.1,0,0,0.03,0,0,0,0,0,0,0,0,0,0,0,0,0
465,Sugar,Sukari,0,0,0,0,0,0,0,0,0,0,0,0,387,0,0,0,0,99.9,0,0,0,0,0,96.8,0,1,2,0,2,1,0.1,0,0,0.04,0.01,0,0,0,0,0,0,0.02,0,0,0,0,0
466,Sugarcane,Miwa,0,0,0,0,0,0,0,0,0,0,0,0,26,0,0,0,0,6.8,0,0,0,0,0,5.9,0,6,2,2,24,3,0.1,0,0,0.02,0.02,0,0,0,0,0,0,0,0,0,0,0,0.01
467,Sugarcane juice,Juisi ya Miwa,0,0,0,0,0,0,0,0,0,0,0,0,56,0,0,0,0,14.6,0,0,0,0,0,12.6,0,13,3,4,52,6,0.3,0,0,0.05,0.05,0,0,0,0,0,0,0,0,0,0,0,0.02
468,Tea leaves,Majani ya chai,0,0,0,0,0,0,0,0,0,0,0,0,1,0,0,0,0,0.2,0,0,0,0,0,0,0,2,1,2,20,3,0,0,0,0.01,0.22,0,0,0,0,0,0,0,0,0,0,0,0.01
469,Termite,Kumbikumbi,157,777,717,1317,1494,478,198,657,566,789,1160,566,369,19.7,19.6,19.6,31.2,1,10.8,13.9,3.8,83,0,0.3,0,32,184,17,361,1294,1.3,1.3,2.5,0.14,0.07,1,1,1,0,2,0.74,0.25,4.5,0.33,3,1.73,0.72
470,Tomato ketchup,Sausi ya nyanya,7,24,23,36,36,8,13,25,17,25,24,15,101,1,0,0,0.3,25.3,0,0.1,0.1,0,1.3,19.4,7,456,28,33,335,387250,1.6,0,0.1,0.39,0.13,100,0,0,0,22,0.07,0.06,0.7,0.09,17,0,0.29
471,"Chili powder, red","Pilipili ya unga, nyekundu",156,444,390,630,534,144,228,372,252,504,576,246,318,12,0,0,17.3,56.6,3.3,2.8,8.4,0,25,1.1,403,148,293,152,2014,30,7.8,0,2.5,0.37,2,4161,0,0,1,76,0.33,0.92,8.7,1.88,88,0,0.41
472,"Coffee, instant",Kahawa laini uliosagwa,0,100,200,500,100,0,200,300,200,300,100,200,200,10,0,0,0,40,0,0,0,0,0,0,600,300,300,400,3600,300,10,0,0,1,2,0,0,0,0,0,0,0,0.3,0,0,0,0
474,Soy sauce,Sausi ya soya,181,407,487,735,731,167,107,534,342,524,405,215,60,10.5,0,0,0.1,5.6,0,0,0,0,0.8,0,122,20,130,40,212,5586,2.4,0,0.4,0.14,0.5,0,0,0,0,0,0.06,0.15,4,0.2,18,0,0.38
475,"Soybean milk, dried", Maziwa ya soya ya unga,630,1650,2000,3070,2660,515,560,1965,1350,2040,2690,1175,380,40.5,0,0,24,9.5,3.5,5.5,13.5,0,6,0,1870,525,485,515,605,35,27,0,4,0.95,3.05,0,0,0,0,0,0.4,0.25,1,0.25,75,0,0.35
476,"Fruit flavored drink, concentrated",Kinywaji cha ladha ya tunda lo lote,0,0,0,0,0,0,0,0,0,0,0,0,27,0,0,0,0,6.8,0,0,0,0,0,5.5,0,51,0,0,0,0,0,0,0,0,0,0,0,0,0,0,0,0,0,0,0,0,0
477,"Garlic, fresh-AP",Kitunguu saumu,66,157,217,308,273,76,65,183,81,291,634,113,149,6.4,0,0,0.5,33.1,0.9,0,0.2,0,2.1,1,0,181,143,25,401,17,1.7,0,1.2,0.3,1.7,0,0,0,0.01,31.2,0.2,0.11,0.7,1.235,3,0,0.596
478,Tomato paste ,Paste ya nyanya,18,63,60,93,93,21,33,66,45,66,63,39,63,0,2.7,0,0,0.9,13.8,0,0.3,0.3,0,3.3,18,15,72,33,666,27,1.5,0,0.3,0.21,0.33,261,0,0,0,57,0.18,0.15,1.8,0.24,45,0,0.75
480,"Vinegar, wine",Siki,0,0,0,0,0,0,0,0,0,0,0,0,19,0.04,0,0,0,0.3,0,0,0,0,0,0,0,8,14,10,89,8,0.4,0,0.1,0.01,0.15,0,0,0,0,0.5,0,0.02,0.1,0.02,1,0.01,0.03
481,Chili sauce,Sausi ya pilipili,4.2,12.4,12.2,18,18.2,4.1,6.8,12.3,8.8,13.1,20,7.5,169.9,0.5,0.1,0,0.1,38.3,0.4,0,0.1,0,0.6,34.6,4.6,6.9,17.5,8.4,129,283.8,0.4,0,0.1,0,0.1,31.2,0,0,0.1,14.6,0,0,0.3,0,7.1,0,0.1
489,Tomato juice,Juisi ya nyanya,5,17,15,21,22,4,2,16,12,15,15,12,26,0.8,0,0,0.1,5.7,0,0,0,0,1.1,0,7,5,1,11,235,26,0.9,0,0.67,0.64,0.23,80,0,0,0.31,26,0.07,0.04,1,0.16,28,0,0.38
490,Ginger,Tangawizi,30,50,72,72,98,17,36,53,51,47,275,33,66,2.1,0,0,0.3,15.3,0,0,0.2,0,2.1,2,0,33,53,17,249,5,0.3,0,0.3,0.11,0.23,0,0,0,0,8,0.06,0.03,0.3,0.2,23,0,0.17
491,Ice sherbet,barafu,0,0,0,0,0,0,0,0,0,0,0,0,77.4,0,0,0,0,19.9,0,0,0,0,0,19.9,0,0,0,0,0,0,0,0,0,0,0,0,0,0,0,0,0,0,0,0,0,0,0
506,Maize porridge with sugar,Uji wa mahindi wenye sukari,6,31,20.4,39.7,16,11.9,10.2,27.9,23.1,28.8,28.3,17.3,94,0.81,0,0,0.36,22.7,0.05,0.09,0.16,0,0.7,14.6,80,3.7,24.4,12.7,29,3.7,0.4,0,0.2,0,0.1,0,0,0,0,0,0.04,0.02,0.4,0.03,3,0,0.04
507,Maize porridge with sugar and milk,Uji wa mahindi wenye sukari na maziwa,19.8,75.7,166.2,315,203.8,95.4,73.4,173.6,135.6,194.4,192,84.6,129.8,1.2,0.8,0.8,1,30,0.5,0.2,0.1,2.5,0.3,25,0,61.2,70.4,18.2,99,31.2,0.4,0,0.4,0,0.1,55,55,0,0,1,0.04,0.17,0.1,0.06,6,0.4,0.35
508,Millet porridge with sugar,Uji wa ulezi wenye sukari,16,36,42.9,71.7,41.7,12.6,10.6,41.1,29,46.4,56.7,21.9,91,0.7,0,0,0.1,22.6,0.3,0.1,0,0,1.3,14.5,61,27.7,28.6,2.7,41.1,1.3,0.3,0,0.1,0.1,0.6,0,0,0,0,0,0.02,0.02,0.2,0.02,3,0,0.04
509,Mix flour porridge with sugar,Uji wa unga mchanganyiko wenye sukari,13,39.3,578,1019,1123,365,142,501,424,656,836,366,130.3,2.2,0,0,6.7,16.4,1.4,3.1,1.9,0,1.9,4.1,157.7,32.5,52.4,12.9,80.2,2,0.5,0,0.3,0.1,0.6,0.5,0,0,0.8,0,0.04,0.02,0.8,0.04,7.6,0,0.16
511,Sorgum porridge with sugar,Uji wa mtama wenye sukari,11,35,29,100,23,17,15,40,33,41,41,25,91,1,0,0,0.3,22,0.05,0.1,0.14,0,1.27,14.59,44,2.7,22.5,17.1,13.4,0.9,0.4,0,0.16,0.1,0.1,1,0,0,0,0,0.02,0.01,0.2,0.02,1,0,0.08
512,Chapati with oil,Chapati yenye mafuta,51.2,113.3,143.8,285.8,92,73.6,88,209.3,125.3,167.3,167.9,92.6,372.6,5.9,0,0,19.5,43.9,16.5,1.2,0.6,0,1.6,0.2,162.2,9.9,71.3,16.6,70.6,1.3,0.7,0,0.4,0.9,0.4,0,0,0,0.2,0,0.1,0,0.6,0,10.4,0,0.2
514,Pancake ,Chapati maji,67.5,189.1,227.9,409.8,215.6,122.8,120.3,282.2,186,260.6,259.3,125.2,291.4,7,1.9,0,12.1,383,9.2,1.2,0.6,63.6,1.4,0.2,188,20.2,106.4,16.7,96.6,155.2,1,0,0.7,0.1,0.4,38,38,0.2,0.6,0,0.1,0.1,0.8,0.1,20.8,0.2,0.5
515, Rice and meat pillau ,Pilau,67.3,261.4,269.6,485.1,484.3,151.1,70.1,239.5,204.1,295.5,385.7,203.5,177,7.1,5.2,5.2,5.6,23.6,3.1,1.8,0.3,16.8,0.9,0.2,95.9,6.3,76.9,16.8,128.8,98.9,0.6,0.4,1.2,0.1,0.3,14.2,0,0,0,1.2,0,0.1,1.1,0.1,5.6,0.4,0.4
518,Rice with coconut milk,Wali wenye tui la nazi,49,151,165,307,153,75,80,202,118,215,279,94,170,2.9,0,0,1.5,35.5,1.2,0.1,0.1,0,0.7,0.1,166,4,49.3,17,48.8,0.7,0.3,0,0.5,0.1,0.5,0,0,0,0.1,1.1,0.04,0.03,0.5,0.1,2.6,0,0.5
519,Maize ugali (stiff porridge) ,Ugali wa mahindi,19,95.2,100.7,327.2,138.6,70.5,50.1,135.9,106.3,132.7,311.8,82.8,123.8,2.7,0,0,1.2,25.6,0.16,0.28,0.5,0,2.4,0.17,273.4,2,81.2,43.4,98.1,11.9,1.2,0,0.6,0.05,0.15,0,0,0,0.3,0,0.1,0.09,1.2,0.1,11.6,0,0.1
521,Rice ugali (stiff porridge) ,Ugali wa mchele,32,97.6,101.8,133.1,123.1,33.7,45.3,94.2,124.2,125.8,281,53.2,149,2.7,0,0,0.2,32.8,0.1,0.1,0.1,0,0.3,0.1,144.7,3.3,42.6,14.8,33.2,0,0.2,0,0.5,0,0.4,0,0,0,0,0,0.02,0.02,0.5,0.1,2.5,0,0.5
522,Sorgum and millet ugali (stiff porridge) ,Ugali wa mtama na ulezi,38.8,105.3,143.3,433.3,78.3,60.7,42.7,163.7,99.6,182.3,115.1,72.9,112.1,3.4,0,0,0.9,24.7,0.1,0.3,0.37,0,4.3,0.19,197.8,29.3,79,45,66.7,2.6,1.3,0,0.5,0.17,0.67,2.1,0,0,0.27,0,0.1,0.03,0.76,0.06,4.3,0,0.26
524,Rice bun,Kitumbua,5.6,29.6,28,96,21.6,16,14.4,38.4,32,39.2,39.2,24,416.2,4.7,0,0,11.1,73.7,8.9,0.9,0.5,0,1.9,9.4,282.4,6.5,83.3,28.8,65,1,0.5,0,0.9,0.09,0.8,0,0,0,0.16,0,0,0,0,0.1,4.8,0,0.9
525,Maize and kidney bean dish,Makande,135.1,308.3,420.3,748.9,283.9,165.9,272.3,526.4,243.6,398.9,383.3,189,156.5,3.6,0,0,7,21.4,5.5,0.5,0.5,0,2.8,0.1,311.2,7.5,88.3,38.7,166.1,74.9,1.5,0,0.7,0.1,0.3,0,0,0,0.1,0.5,0.1,0.1,1,0.1,29.6,0,0.2
526,Cassava stiff porridge ,Ugali wa mihogo,20.7,97,92.6,306.5,77,53.2,49.3,124.7,102.4,130,148.1,78.2,140,2.7,0,0,1.2,30.7,0.2,0.3,0.5,0,2.6,0.3,253,6.4,89.1,40.5,144.4,11,1.2,0,0.6,0.1,0.2,1.4,0,0,0.3,7.2,0.1,0.1,1.2,0.2,11.1,0,0.2
529,"Wheat fritter, sweet",Visheti,23,51,64,128,41,33,39,94,56,75,75,41,318,1.9,0,0,14.2,46.7,2,3.3,8.2,0,0.5,32,51,3,20,4,20,0,0.2,0,0.1,0.04,0.12,0,0,0,1,0,0.02,0.02,0.2,0.01,3,0,0.07
530,Rice bread ,Mikate kumimina,4.2,18.1,17.9,52.1,16,9.7,6.1,16.3,13.5,16.7,16.6,10.1,239.1,2.2,0,0,7.5,41.1,6.3,0.5,0.2,0,1,13.4,134.7,3.4,40.8,13.7,44.3,1.1,0.3,0,0.45,0.05,0.45,0,0,0,0.05,0.1,0.05,0,0.4,0.05,3.3,0,0.4
534,Cake (home made),Keki ya kutengeneza nyumbani,45,140.5,166.3,285.8,178.3,91,81,190.2,131.9,188.5,115.2,46.1,375.6,4.6,2.1,0,21.3,42.4,12.9,5.7,1,115.2,0.7,23.3,67.7,12.8,63.6,7,46.7,72.4,0.5,0,0.3,0,0.2,208.3,208.3,0.6,0.8,0,0,0.1,0.3,0,11.2,0.2,0.3
535,Vermicelli with coconut milk and sugar,Tambi zenye tui la nazi na sukari,57,173,199,686,103,84.5,66,251,147.5,258,163.5,113,227.6,7,0,0,3.6,41.5,2.5,0.2,0.4,0,2.6,1.8,142.3,11.3,85.6,27.8,75.2,3.3,0.9,0,0.8,0.2,0.5,0,0,0,0.1,0.3,0,0,0.6,0.1,12.3,0,0.2
536,Vermicell with oil and sugar,Tambi zenye mafuta na sukari,60.5,183.8,210.6,708,116.1,90,71.9,266,156.7,276,212,119.8,228.2,6.7,0,0,3.7,41.6,2.5,0.3,0.4,0,2.4,2.3,113.5,10,75.5,25,43.5,1.5,0.7,0,0.7,0.1,0.4,0,0,0,0,0,0,0,0.6,0.1,10,0,0.2
537,Vermicelli with coconut milk and salt,Tambi zenye tui la nazi na chumvi,57,173,199,686,103,84.5,66,147.5,258,163.5,113,67.1,260.4,7.7,0,0,6.2,43.3,4.8,0.4,0.5,0,2.9,0.7,178.7,13.4,100.6,32.4,109.7,177.3,1.2,0,0.9,0.2,0.7,0,0,0,0.2,0.5,0,0,0.7,0.1,15.3,0,0.2
540,Rice with ground meat,Wali na supu ya nyama ya kusaga,71.6,267.1,276.2,510.9,482.9,142.5,73.3,279.5,213.2,308.1,404.3,210.2,288.4,8.5,4.4,4.4,14.7,30.7,8.2,4.1,1.5,14.6,1.7,0.8,252.7,13.6,101.6,30.3,162.8,294,0.9,0.3,1.4,0.2,0.6,194.2,0,0,0.8,0.2,0.1,0.1,2,0.2,13.6,0.3,0.6
541,Cassava porridge with sugar,Uji wa mihogo wenye sukari,5.4,8.3,8,11.6,12.9,3.3,8.3,7.5,5.1,10.1,39.9,5.7,85.8,0.4,0,0,0.1,21.5,0,0,0,0,0.5,10,85.6,7,25.4,3.6,87.7,0.9,0.3,0,0.1,0,0,4.3,0,0,0.15,18.1,0.1,0.01,0.5,0.2,14.5,0,0.2
542,Wheat porridge,Uji wa ngano,17.1,35.3,51.5,91.3,25.5,20.7,37.5,64.7,35,56.8,49.3,27.2,91.9,1.4,0,0,0.2,22.2,0,0,0.1,0,1.2,14.6,28.2,1.6,11,2.2,10.9,0.3,0.1,0,0.1,0,0.1,0,0,0,0,0,0,0,0.1,0,1.8,0,0
543,Rice biriyani ,Biriani,119.5,405.8,490.6,733.8,746.7,256,135.9,399.7,322.8,506.3,625,276.5,208.3,9.9,8.1,8.1,10,19.5,5.3,2.4,1.3,23.7,0.7,0.7,69,22.9,92.9,19.2,179.6,346.3,0.7,0.4,0.8,0.1,0.3,16.6,12.9,0,0.1,4.9,0.1,0.1,2.1,0.2,9.8,0.1,0.6
544,Rice and mung dish with coconut milk,Mseto wenye tui la nazi,54.9,180,192.8,366.3,227.1,89.5,78,243,151,259.7,423.7,121.5,262.8,5,0,0,11.4,36.2,10,0.5,0.2,0,4.7,2.5,304.1,12.7,106.3,34.3,206.9,136.7,1.6,0,1,0.2,1,0.4,0,0,0.1,0.9,0.1,0,0.7,0.1,53.1,0,0.5
551,Beef  relish with oil,Mchuzi wa nyama wenye mafuta,102.7,396.8,156.6,286.8,193,66.6,41,149.6,98.5,131.9,203.5,95.7,210.7,12.4,12.1,12.1,17,"1,9",10.1,5.2,0.6,39.9,0.3,0.1,1,5.7,75.5,10.7,170.8,19.8,0.6,0.5,1.4,0.4,0.4,13.9,0,0,0.1,3.8,0.1,0.1,1.7,0.2,7.5,0.9,0.2
552,Beef relish with coconut milk,Mchuzi wa nyama wenye tui la nazi,115.6,445.1,458.8,804.6,843.9,259.4,116.2,401.5,344,499.5,652.9,347.5,143,10.2,10,10,10.2,2,5.1,4.1,0.4,32.8,0.2,0.1,14.1,2.9,85.6,12.5,186.8,100.1,0.8,0.7,1.7,0.1,0.1,5.2,0,0,0,2.2,0,0.1,1.4,0.2,4.7,0.7,0.2
556,Chicken relish with oil,Mchuzi wa kuku wenye mafuta,79.7,2898,104,355.7,81.4,60.7,52.1,142.6,117.9,146.9,144.7,88.6,188.9,6.2,4.2,4.2,13.3,13.3,9.5,1.7,1,12.2,2.1,1.5,3,7.3,54.2,10.4,155.6,20.5,0.5,0.3,0.46,0.07,0.07,53.2,9.75,0,0.1,10.1,0.05,0.1,1.7,0.1,10.5,0.05,0.3
557,Small dried fish with tomatoes and oil,Mchuzi wa dagaa wenye nyanya na mafuta,67.5,260.7,175,3305,777.5,111,44.7,151.5,126,194.7,229.7,111.7,100.1,7.7,7.3,7.3,6.9,2.2,5.1,0.8,0.4,7.1,0.5,0.15,0.1,1139.1,884,100.5,771.6,213,1.9,1.6,3.5,0.3,1.4,34.4,0,0.6,0.1,4.7,0.07,0.1,2.7,0.16,15.8,3.7,0.6
559,"Small dried fish, fried",Dagaa wa kukaanga,662,2590,2722,4802,5424,1750,634,2306,1994,3043,3535,1740,449.9,58.6,58.6,22.7,13.5,0,4.4,2.2,5.7,0,0,0.1,0,1700.4,1300,140,953.1,656.2,2.5,2.5,5.2,0.5,2.1,0,0,2,0.1,0,0.1,0.3,8.1,0.4,28,12,1.5
561,"Egg, fried",Yai la kukaanga,142.8,563.7,640.3,1003.3,843.7,365.9,272.5,623.5,478.8,715.9,704.7,278.1,245.2,11.8,11.8,11.8,21.6,1,13.2,4.5,1.5,395.7,0,0,0,47.3,160.5,9.4,117.7,632.1,1.1,0,1,0,0,114,114,0.6,1.3,0,0.04,0.3,0.08,0.08,26.4,0.68,0.8
562,"Omelet, spanish ",Spanish omelet,98.5,384.6,435.6,681.4,574.9,246.8,186.7,423.9,325.3,486.7,487.4,190.6,274.7,8,7.9,0,26.6,1.7,19.7,3.7,1.3,263.8,0.2,0.2,38.8,33.8,113,8.7,120.1,423.2,0.8,0,0.7,0,0,133.1,118.2,0.6,1.6,16.9,0.1,0.3,0.2,0.1,32.8,0.7,0.5
563,"Fish, fried, relish",Supu wa samaki wa kukaanga,12.7,44.8,134.4,196.5,214.3,68.7,36.9,101.5,13.8,123.9,170.7,73.7,183.5,6.5,6.2,6.2,17.5,1.3,14.5,1.3,0.6,24.4,0.7,0.1,15.6,6.5,113.2,13.2,203,19.4,0.4,0.2,0.3,0,0.1,15.2,0.7,0.6,0.7,3.7,0,0,0.3,0,5,0.2,0.1
564,Fish relish with oil,Mchuzi wa samaki wenye mafuta,146,580.6,271.4,999.4,6915.8,347.8,137,484.7,415.4,632.4,556,272.2,253.6,21.2,20.8,20.8,17.9,2.2,13.2,2.2,1,20.9,0.5,0.1,1.6,500,406.1,46.3,374.5,96.6,0.9,0.8,1.6,0.2,0.7,24.3,0.9,1.3,0.3,5.6,0.1,0.1,2.7,0.2,13.9,3.7,0.6
565,"Fish, fresh, stew ",Mchuzi wa samaki wa kuchemsha,60.1,233.7,244.8,431,485.4,155.6,58.8,209,179.6,273.8,316.5,156.6,85,5.4,5.1,5.1,6.6,1.4,5.1,0.6,0.3,12.9,0.3,0,1.9,3.6,27.4,9.5,105.3,14,0.25,0.1,0.1,0,0,27.6,0,0,0.1,10.9,0.1,0,0.35,0.15,19.4,0,0.2
566,Fish relish without oil,Mchuzi wa samaki bila mafuta,88.5,342.4,360,632.1,713.7,228.9,86,306,263.9,1.3,473.7,229.6,76.5,8.2,6.9,6.9,4.5,2.4,2.9,0.6,0.4,19,0.9,0.1,1.5,59.9,111.7,15.7,185.2,26.6,0.3,0.2,0.4,0,0.1,24.4,2.6,2.2,0.5,7.8,0.1,0.1,0.9,0.1,14.6,0.9,0.4
567,Fish relish with coconut milk,Mchuzi wa samaki wenye tui la nazi,142,547,71.6,122.2,73.7,17.3,17.9,75,55.5,78.5,132.4,38.8,138.4,11.7,10.9,10.9,9.3,2.5,7.1,1,0.5,15.4,0.9,1.1,54.9,272.7,254.3,31.5,273.2,58.8,0.9,0.4,1.1,0.2,0.6,38.3,1.3,1.4,0.2,2.4,0.02,0,1.7,0.1,11.6,2.2,0.4
569,"Fish, fried",Samaki wa kukaanga,199.2,777.6,817.2,1442.4,1629.6,525.6,189.6,692.4,598.8,914.4,1062,522,230.1,17.8,17.8,17.8,17.8,0,13.7,2,0.9,69.6,0,0,0,10.8,291.6,26.4,402,48,0.4,0.4,0.6,0.03,0.02,1.8,1.8,1.5,1.5,0.2,0,0.01,0.3,0.01,1.2,0.3,0.1
570,Meat samosa    ,Sambusa,135,439,108,201,90,52,58,148,95,130,125,67,280,11.6,7.5,7.5,11.8,30.5,3.5,3.7,3.9,23,1.1,0.2,0,7,101,16,145,17,1,0.5,1.5,0.09,0.27,0,0,0,0,0,0.06,0.07,1.4,0.12,9,0.56,0.28
571,Egg boiled,Yai la kuchemsha,153,604,686,1075,904,392,292,668,513,767,755,298,155,12.6,12.6,12.6,10.6,1.1,3.3,4.1,1.4,424,0,0,0,50,172,10,126,124,1.2,0,1.1,0.01,0.03,133,133,0.7,1.4,0,0.05,0.3,0..07,0.07,30.8,0.7,0.4
572,"Meat, barbecued",Mishikaki,176,686,706,1241,1307,402,176,614,528,764,993,538,343,24,15.7,15.7,26.7,0,10.63,11.01,1.03,88,0,0,5.2,3,122,14,214,33,1.1,1.1,2.6,0.06,0.01,0,0,0,0,0,0.05,0.09,2,0.21,4,1.18,0.25
573,Chicken relish with coconut milk,Mchuzi wa kuku wenye tui la nazi,13.6,80.5,296.5,484.5,97.5,186.4,354.8,21.3,13.5,24.3,50.9,10.7,137.2,6.1,5.6,5.5,11.8,2.3,8,1.9,1,16.2,0.6,0.2,29.9,6.9,55.2,10.8,146.9,249.7,0.7,0.3,0.5,0.1,0.2,94.6,0,0,0.2,13.5,0,0,0.3,0.1,17,0,0.1
574,"Chicken, boiled or roasted",Kuku wa kuchemsha/choma,301,1113,1348,1961,2197,717,357,1046,869,1307,1680,793,285,26.9,26.9,26.9,18.9,0,5.1,7.2,1,79,0,0,0,13,180,20,182,73,1.4,1.4,1.8,0.1,0.02,39,39,0,0,0,0.09,0.24,5.8,0.25,5,0.23,0.75
575,"Omelet, spanish with potato",Spanish omelet na viazi,68.3,384.6,435.6,681.4,574.9,246.8,186.7,423.9,325.3,486.7,487.4,190.6,185.5,5.3,4.5,0,14.2,9.7,10.5,2,0.7,148.4,0.8,0.4,234.2,22.1,83.9,15.1,224.7,50.1,0.7,0,0.5,0.1,0.1,186.3,66.5,0.4,1,23.5,0.1,0.2,0.7,0.2,23.5,0.4,0.7
576,"Beef, ground, relish",Mchuzi wa nyama ya kusaga,142.8,552.8,569,997.3,1049.9,321.8,144.6,495.8,425.3,615.1,801.7,432.2,247.8,12.8,12.5,12.5,21.1,1.9,13.5,5.6,0.7,41,0.4,0.1,2,4.6,106.4,15.6,251.5,107.1,1,0.9,2.1,0.1,0,29.6,0,0,0.1,6.7,0.1,0.1,1.8,0.2,8.7,0.9,0.3
577,"Beef, fried",Nyama ya kukaanga,285.9,1099.4,1136.6,1986.5,2096.8,644.1,286.8,987.6,847.8,1228.7,1628.2,862.3,813.2,25.1,24.9,24.9,80,2.2,59.9,13.3,1.9,82,0.5,0.3,0,15.3,205,26.7,396.7,828.6,1.9,1.7,4.2,0.1,0.1,0.5,0,0,0.4,9.3,0.1,0.2,3.3,0.4,0.5,1.9,0.5
578,Beef relish without oil,Mchuzi wa nyama bila mafuta,141.7,544.7,562.3,982.5,1036.2,317.1,143.1,488.5,420.2,605.6,805.2,426.1,168.6,12.6,12.3,12.3,11.9,2.2,5.6,5,0.5,40.4,0.4,0.2,1,5.8,104.3,14.6,225.7,28,0.9,0.9,2.1,0.1,0,13.9,0,0,0,3.8,0.1,0.1,1.7,0.2,7.5,0.9,0.2
579,Liver relish,MaiIni ya kukaanga,200,800,900,1800,1500,500,300,1000,700,1100,1100,500,103.5,13.7,13.6,13.6,69.4,2.8,1.3,14.5,1.3,0.5,24.4,0.3,2.2,6.5,228.2,12.9,156.4,43.1,3.8,3.8,3.4,2.5,0.3,11421.5,11309.4,0.6,0.1,14,0.1,2,5.8,0.3,163.7,61.1,3.2
580,"Liver, fried ",Mchuzi wa maini,300,1100,1200,2400,2000,700,500,1400,1000,1600,1600,800,175,26.52,26.52,26.5,4.68,5.16,1.493,0.653,0.602,381,0,0,113,6,485,22,351,77,6.1,6.1,5.2,14.6,6.3,7744,7744,1,0.46,0.7,0.177,3.425,17.475,1.027,260,83.13,6.943
601,Grape juice,Juisi ya zabibu,0.7,2.3,2.3,3.7,3.7,0.7,1,1.7,1.3,2.7,2,1,69.9,0.1,0,0,0.1,18.1,0,0,0,0,0.8,13.9,19.7,2.5,2.6,1.7,35.9,0.1,0.1,0,0,0,0,1.7,0,0,0.3,2,0,0,0,0,1,0,0
602,Mixed fruit juice,Juisi ya matunda,45,0.7,0,0,2.2,6.6,0.3,1.4,0.3,0,1.9,1.8,45,0.7,0,0,2.2,6.6,0.3,1.4,0.3,0,1.9,1.8,0,16.6,11.2,10.4,190.1,1.9,0.2,0,0.1,0.1,0,29.1,0,0,0.4,26.1,0,0,0.5,0.1,23.4,0,0.3
603,Apple juice,Juisi ya apple,53,0.1,0,0,0,13.3,0,0,0,0,0.1,0,53,0.1,0,0,0,13.3,0,0,0,0,0.1,0,55,2,7,5,90,2,0.5,0,0.16,0.01,0.23,4,0,0,0.5,8,0.03,0.02,0.1,0.02,2,0,0.1
604,Avocado juice,Juisi ya parachichi,6.8,21.4,23,39.9,30.5,12,6.8,22.1,15.9,31.5,19.1,9.4,104.5,0.6,0,0,5,15.9,0.8,3.1,0.6,0,1.9,13.1,0,3.7,13.6,12.6,194.5,3.4,0.3,0,0.1,0.1,0.1,1.9,0,0,0.3,2.6,0,0,0.6,0.1,20.1,0,0.3
607,Papaya juice,Juisi ya papai,5.3,7.3,5.3,10.7,16.7,1.3,3.3,6,3.3,6.7,6.7,3.3,58.3,0.4,0,0,0.1,14.9,0,0,0,0,1.2,9.3,0,16.1,3.5,6.7,172,2.1,0.1,0,0.1,0,0,90,0,0,0.67,41.3,0,0,0.2,0,25.3,0,0.15
610,Mixed fruit jam,Jam ya matunda,0,0,0,0,0,0,0,0,0,0,0,0,261,0.4,0,0,0,69.3,0,0,0,0,0.8,64.1,0,24,16,6,85,15,1,0,0.2,0.16,0.1,3,0,0.16,0.1,7,0,64.1,0,0,2,0,0
651,Cow pea (fresh) relish without oil ,Mchuzi wa kunde mbichi bila mafuta,56.3,174.7,177,349.6,309.5,65.2,51.5,266,148,217.8,314.5,141.8,71.5,4.6,0,0,0.4,13,0.1,0,0.1,0,4,0.8,208.8,14.9,95.3,32.9,205.6,4.1,1.6,0,0.8,0.2,0.3,18.6,0,0,0,3.8,0.1,0.04,0.4,0.07,123.6,0,0.3
656,Kidney bean relish with oil,Mchuzi wa maharage wenye mafuta,65.5,230,242.1,435.8,375.6,81.9,60.1,295.1,154.4,285.5,345,152.5,130.6,4.9,0,0,6.9,13.3,5.8,0.4,0.3,0,3.6,0.3,385.6,20.9,104.2,33.4,314.2,2.2,2.1,0,0.8,0.2,0.3,0,0,0,0.05,0.9,0.1,0.03,0.38,0.08,82.1,0,0.17
657,Kidney bean relish without oil,Mchuzi wa maharage bila mafuta,24.9,88,67.6,129.3,88.4,27.8,22,82.6,46.6,85.3,112.4,40.7,117.2,6.4,0,0,2.9,17.1,2.2,0.1,0.2,0,4.8,0.7,352,18.7,90.8,28.7,261.2,1.4,1.8,0,0.7,0.1,0.3,11.9,0,0,0.3,3.2,0.1,0.06,0.4,0.06,76.6,0,0.1
658,"Mung bean (dry, boiled)",Choroko zilizopikwa,35,106.7,114.6,213.9,190.2,39.9,31.6,162.9,91.1,133,200.5,86.9,43.7,2.8,0,0,0.2,8,0,0,0.1,0,2.4,0.6,108.7,6,39,13,70,1,0.6,0,0.3,0.1,0.1,0.6,0,0,0,0.15,0.1,0,0.15,0,63.5,0,0.15
659,"Pigeon pea (fresh, cooked) ",Mbaazi mbichi zilizopikwa,200.7,707.6,727.3,1339.3,743.2,254,265.7,1070.9,840.4,866.7,2474.6,522.4,131,6.1,0,0,5.1,16.1,4.2,0.4,0.3,0,4.4,0,318.4,29.7,101.3,34.8,220.4,81.6,1.2,0,0.8,0.2,0.3,1.6,0,0,0,0.2,0.1,0.1,0.6,0.1,83.8,0,0.1
752,Spinach relish without oil,Mchuzi wa spinachi bila mafuta,23,113,155,188,150,64,53,173,113,201,307,82,43.5,3.3,0,0,0.5,8.8,0,0.02,0.14,0,1.2,0.05,35.1,170.9,68.5,53.8,525.6,12,2.6,0,0.3,0.1,0.1,43.8,0,0,0,85.8,0.1,0.15,0.9,0.4,88.6,0,0.2
753,Spinach relish with oil,Mchuzi wa spinachi na mafuta,18.4,94,109.6,302.7,106,53,55.9,138.3,90.7,144.6,164.6,80.7,108,2.7,0,0,9,6.1,7.8,0.5,0.2,0,0.6,0.1,30.2,152.9,55.2,45.7,68.7,306.4,2.2,0,0.28,0.1,0.1,296.6,0,0,0.18,23.2,0.07,0.2,0.7,0.4,76.2,0,0.2
754,"Cabbage, onion salad", Kachmbari ya kabeji na kitungu,11.9,33.1,45.5,49.1,51.8,10.9,11.9,33,21.5,38.9,88.7,19.9,27.8,1.2,0,0,0.3,6.2,0.1,0,0.2,0,2.2,0.3,0.3,26.7,24.2,11.1,151.8,6,0.3,0,0.2,0,0.1,18,0,0,0,16.5,0.1,0,0.3,0.08,19.1,0,0.2
759,Cow pea leaf relish with coconut milk ,Mchuzi wa majani ya kunde na tui la nazi,70.9,294,363.8,654,377.1,129.8,108.6,392.4,206,404,806.7,192.7,80.3,2.5,0,0,6,6.4,5.2,0.3,0.1,0.1,1.9,0,77.5,107.8,55.8,36.8,337.4,9,2,0,0.4,0.2,0.3,259.5,0,0,0,17.1,0.1,0.1,0.6,0.3,56.7,0,0.2
760,"Green leaf, medium, relish without oil", Mchuzi wa mboga ya majani na mafuta,8.4,45.8,61.6,107.8,60.9,17.9,11.2,59.2,40.8,69,69,30.6,5.3,0.8,0,0,7,0.7,0,0.03,0,0,0.7,0,7,26,14.4,5.3,71.1,5.6,0.38,0,0.07,0.02,0.1,106,0,0,0.7,8.8,0.013,0.02,1.4,0.03,25.7,0,0.007
761,"Green leaf, medium, relish with oil",Mchuzi wa mboga ya majani bila mafuta,11.4,61.8,82.9,120.5,82.3,24.3,15.2,79.8,54.7,46.6,93.2,41.3,86.1,1,0,0,14.5,1,7.9,0.5,0.1,0,0.9,0,22.2,35,19.5,7,96,7.5,23.5,0,0.1,0.025,6.1,192.1,0,0,1.3,15.8,0.02,0.03,0.2,0.07,46.3,0,0.01
762,"Green leaf, medium relish with groundnuts",Mchuzi wa mboga ya majani na karanga,9.3,19.8,31,32,40.4,7.1,18.3,23.9,39.7,27.3,49.2,14.3,15,1,0,0,0.6,2,0.1,0.3,0.2,0,0.8,0,27.8,17.2,19.2,8,114.7,16,0.3,0.1,0.1,0,0,86.7,0,0,0.5,10.7,0,0,0.4,0,20.4,0,0.1
763,"Green leaf, medium, relish with coconut milk",Mchuzi wa mboga ya majani na tui la nazi,30.8,81.3,101.8,133.1,133.1,123.1,33.7,45.3,94.2,124.2,125.8,281,107.7,2.8,0,0,9.2,5.8,8,0.46,0.11,0,4.1,0,121.5,63.7,63.7,20.8,259.7,18.4,1.5,0,0.5,0.2,0.6,245.4,0,0,1.9,21.1,0.05,0.05,0.5,0.1,66.2,0,0.1
764,Potato leaf relish with oil ,Mchuzi wa matembele na mafuta,33.5,79.1,189.1,318.2,359.2,115.4,42.6,153.1,132.5,51.3,232.4,115.2,131,3.4,0,0,11,7.4,9.4,0.5,0.4,0,0.7,0.18,84,96,55,20,270.5,20.6,1.4,0,0.27,0.08,0.38,637.4,31.4,0,4,21,0.11,0.22,0.8,0.25,149.4,0.2,0.2
765,Okra with coconut milk,Mchuzi wa bamia na nazi,13,41,40,65,51,15,16,43,28,52,92,22,51,1.2,0,0,3.2,5.7,2.7,0.1,0.1,0,0,2,54,17,30,13,190,6,0.7,0,0.2,0.1,0.26,43,0,0,0,10,0.05,0.05,0.5,0.06,16,0,0.14
766,Green peas relish without oil,Mchuzi wa njegere bila mafuta,27.2,142.2,137.1,225.5,222.2,56.9,25.2,140.4,80.6,163.3,298.4,75,63.5,3.9,0,0,0.2,12,0,0,0.1,0,4.1,3.2,20.9,20.8,88.2,30.1,246.4,111.9,1.2,0,0.9,0.1,0.4,62.2,0,0,0,14.4,0.2,0.1,1.5,0.2,47.8,0,0.2
768,Pumpkin leaf relish with oil,Mchuzi wa majani ya maboga na mafuta,11.2,34.4,33.1,55.6,42.5,13.5,9,37.6,24.3,41.4,44.6,16.2,63.8,0.7,0,0,5.7,3.5,4.9,0.3,0.2,0,1.7,0.2,20,63.8,19.6,12.6,143.9,124.4,0.5,0,0.7,0.2,0.3,324.6,0,0,1,15.7,0,0,0.3,0.1,56.2,0,0.2
769,Pumpkin leaf relish without oil,Mchuzi wa majani ya maboga bila mafuta,11.8,36.4,31.8,47.1,42.8,10,12.9,33.5,22.4,43,53.1,17.5,16.8,0.8,0,0,0.2,3.7,0,0,0.1,0,1.8,0.2,21.2,67.6,20.7,13.4,152.4,131.7,0.5,0,0.1,0.1,0.2,343.7,0,0,1,16.6,0,0,0.3,0.1,59.5,0,0.2
770,Spinach relish with groundnut and oil,"Mchuzi wa spinachi, karanga na mafutal",9.3,19.8,31,32,40.4,7.1,18.3,23.9,39.7,27.3,49.2,14.3,149,1.7,0,0,15.2,3.7,12.5,1.2,0.5,0,0.5,0.2,0.6,63.2,25.5,19.3,182.2,3.7,0.9,0,0.1,0.05,0.05,42.3,0,0,0.08,2.8,0,0.01,0.1,0.05,9.6,0,0.03
771,Spinach relish with sesame seeds,Mchuzi wa spinachi na ufuta,45,134.3,31.1,137.4,104.5,36.9,35.6,91.5,61.3,106.5,260,66.2,61.8,3.2,0,0,3.8,5.5,0.5,1.4,1.7,0,1.6,0.1,398.2,185.4,87,59.6,317.4,6.5,2.7,0,0.8,0.4,0.3,264.3,0,0,0.2,7.1,0.1,0.1,0.8,0.3,60.7,0,0.13
772,Potato samosa ,Sambusa ya viazi,39,88,106,151,157,39,39,111,92,133,158,57,194,3,0,0,9.2,24.4,1.3,2.1,5.3,0,1.1,0.2,91,5,41,13,150,2,0.4,0,0.3,0.1,0.21,0,0,0,1,4,0.06,0.02,0.7,0.11,7,0,0.43
775,Okra relish with oil,Mchuz wa bamia na mafuta,10.8,33.7,31.8,47.1,42.8,10,12.9,30.5,20.8,37,48.3,17.3,74.3,0.8,0.1,0,6.2,4.7,5.6,0.4,0.2,0,1.3,0.5,24.2,15.1,22.5,10.9,171.6,107.2,0.5,0,0.2,0.1,0.2,212.7,0,0,0.3,27.5,0,0,0.5,0.1,17,0,0.1
777,Potato leaf relish with milk ,Mchuzi wa matembele na maziwa,51.3,145.1,130.6,236.6,183.6,48.8,39.8,160.7,87.5,16.3,264.9,75.9,67.7,6.5,1.2,0,2.6,6.9,1.4,0.8,0.05,8,4,0,53.4,213.7,134.5,36.3,484,63.4,2.2,0,0.5,0.1,0.5,385.6,0,0,72.7,13.3,0.05,0.07,0.5,0.1,94.2,0,0.03
779,Cow pea leaf relish with groundnuts,Mchuzi wa majani ya kunde na karanga,26.1,107.6,129.2,224.8,135,40.2,35.5,145,107.3,145.3,253.7,74.5,79.3,4.8,0,0,4.2,8.3,0.5,2,1.4,0,1.6,0.4,168.4,133,57.3,43.4,442.9,10.7,2.1,0,0.3,0.2,0.1,345.3,0,0,0,8.8,0.1,0.1,1.9,0.4,80,0,0.4
780,Sweet potato leaf relish with coconut milk, Mchuzi wa matembele na tui la nazi,43.6,136.6,135,245.8,162.4,61.2,44.6,165.6,102.8,190,319.2,70,166.1,3.7,0,0,13.7,10.6,11.9,0.6,0.2,0,7.1,0,188.4,109.7,102.6,33.8,425.3,417.6,2.5,0,0.7,0.3,1,770,0,0,3.2,39,0.1,0.1,0.8,0.3,175.6,0,0.5
781,"Okra, fried",Bamia iliyokaangwa,10.8,38.8,34.9,54.9,45.9,11.3,10.3,33.5,22.4,43,53.1,17.5,106.2,1,0,0,10.2,4.5,8.7,0.6,0.2,0,1.5,0.1,38.5,22.3,20.5,11.8,145.7,292.3,0.6,0,0.2,0.1,0.1,28.5,0,0,0.1,5.1,0,0,0.3,0,15.8,0,0
783,Okra relish without oil,Mchuzi wa bamia bila mafutal,12.3,44.3,39.3,68,50.3,15.3,9.3,43,27,52.3,45.7,19.3,16.7,0.9,0,0,0.2,3.7,0.1,0,0.1,0.1,1.9,0.1,39.7,59.4,20.7,14.4,152.5,656.1,0.6,0,0.1,0.1,0.2,202.3,0,0,0.7,12,0,0.1,1.2,0.1,38.6,0,0.2
784,Egg plant relish ,Mchuzi wa mboga ya biringanya,20.4,54.6,68.8,109,74.7,21.4,14.3,64.2,41.2,73.3,85.9,34.1,77.3,1.2,0,0,4.7,7.9,2,0.6,1.7,0,2.2,1.7,16.5,9.4,28.8,13.7,247.2,28.2,0.4,0,0.2,0.1,0.2,44.2,0,0,1.1,168.9,0.06,0.03,0.6,0.1,16.8,0,0.3
785,Tomato relish,Mchuzi wa mboga ya nyanya,11,28,31,40,45,9,6.6,29,14.6,27,65,17,34,1.1,0,0,0.3,5.2,0.05,0.05,0.14,0,1.7,0.04,20.9,10,32,13,250,9,0.5,0,0.13,0.08,0.3,56,0,0,0,18,0.06,0.05,0.6,0.1,13,0,0.25
851,Spinach broth without oil,Supu ya spinachi bila mafuta,5,16,19,28,24,7,6,17,14,20,28,9,6,0.4,0,0,0.1,1.3,0,0,0,0,0.4,0.1,0,15,9,10,73,8,0.4,0,0.1,0.03,0.11,89,0,0,0,3,0.02,0.03,0.1,0.04,17,0,0.04
852,Spinach broth with oil,Supu ya spinachi yenye mafuta,5,16,172,300,316,97,44,149,128,185,247,130,25,0.4,0,0,5.1,1.3,1.3,2.2,1.3,0,0.4,0.1,0,15,9,10,73,8,0.4,0,0.1,0.03,0.11,89,0,0,1,3,0.02,0.03,0.1,0.04,17,0,0.04
853,Beef broth without oil,Supu ya nyama bila mafuta,43,166,172,300,316,97,44,149,128,185,247,130,44,3.9,3.7,3.7,2.7,0.8,1.3,1.1,0.1,11,0.1,0.1,0,2,32,5,74,9,0.3,0.3,0.6,0.02,0.02,6,0,0,0,2,0.02,0.03,0.5,0.06,3,0.28,0.08
854,Beef broth with oil,Supu ya nyama yenye mafuta,43,166,9,10,10,2,3,7,5,8,17,4,88,3.9,3.7,3.7,7.7,0.8,2.5,3.4,1.4,11,0.1,0.1,0,2,32,5,74,9,0.3,0.3,0.6,0.02,0.02,6,0,0,0,2,0.02,0.03,0.5,0.06,3,0.28,0.08
855,Cabbage broth without oil,Supu ya kabichi bila mafuta,2,7,9,10,10,2,3,7,5,8,17,4,29,1.5,0,0,0.3,6.3,0,0,0.1,0,2.5,0.6,0,5,5,2,36,2,0.1,0,0,0.01,0.03,20,0,0,0,34,0.06,0.05,0.4,0.11,45,0,0.17
856,Cabbage broth with oil,Supu ya kabichi yenye mafuta,2,7,24,39,24,8,7,23,16,27,50,11,50,0.2,0,0,5.1,1.3,1.3,2.2,1.3,0,0.4,0.1,0,5,5,2,36,2,0.1,0,0,0.01,0.03,20,0,0,0,34,0.06,0.05,0.4,0.11,45,0,0.17
859,Cassava leaf broth without oil,Supu ya kisamvu bila mafuta,3,16,19,33,19,5,4,19,13,22,21,10,8,0.6,0,0,0,1.6,0,0,0,0,0.3,0.1,4,22,11,8,81,2,0.4,0,0.1,0.02,0.03,58,0,0,0,4,0.01,0.02,0.1,0.07,12,0,0.06
860,Cassava leaf broth with oil,Kisamvu yenye mafuta,2,14,206,299,335,109,55,160,133,199,263,121,48,0.5,0,0,5,1,4.3,0.3,0.1,0,0.2,0,4,21,9,7,71,2,0.4,0,0.1,0.02,0.02,58,0,0,0,4,0.01,0.02,0.1,0.06,11,0,0.05
864,Cow pea broth with oil,Supu ya kunde yenye mafuta,0,80,94,160,144,31,27,109,61,105,163,57,87,2,0,0,6.4,5.8,0.9,1.5,3.7,0,1.5,0.3,129,8,34,11,113,1,0.7,0,0.2,0.06,0.12,7,0,0,0,2,0.04,0.02,0.2,0.04,29,0,0.07
865,Cow pea broth without oil,Supu ya kunde bila mafuta,27,87,25,41,27,8,6,23,18,27,38,12,40,2.3,0,0,0.2,7.9,0,0,0.1,0,1.8,0.6,129,12,41,13,147,2,0.7,0,0.3,0.07,0.15,7,0,0,0,3,0.05,0.02,0.2,0.07,32,0,0.1
867,Cow pea leaf broth with oil,Supu ya majani ya kunde yenye mafuta,3,14,22,36,23,6,6,21,15,24,33,11,42,0.5,0,0,4.1,1.5,3.5,0.2,0.1,0,0.2,0.1,3,19,10,7,70,2,0.3,0,0.1,0.02,0.03,49,0,0,0,4,0.01,0.02,0.1,0.06,11,0,0.05
868,Fish broth with oil,Supu ya samaki yenye mafuta,18,68,72,125,142,45,19,62,53,80,102,46,55,1.7,1.5,1.5,5.2,0.9,4.4,0.4,0.2,6,0.2,0.1,0,2,28,4,60,5,0.1,0,0.1,0,0.02,7,1,1,0,1,0.02,0.01,0.2,0.03,3,0.23,0.1
869,Fish broth without oil,Supu ya samaki bila mafuta,18,68,39,64,63,16,6,40,22,46,85,21,12,1.7,1.5,1.5,0.2,0.9,0.1,0.1,0.1,6,0.2,0.1,0,2,28,4,60,5,0.1,0,0.1,0,0.02,7,1,1,0,1,0.02,0.01,0.2,0.03,3,0.23,0.1
870,Green pea broth without oil,Supu ya njegere bila mafuta,7,40,39,64,63,16,6,40,22,46,85,21,17,1.1,0,0,0,3.1,0,0,0,0,1.1,1,6,5,23,8,54,1,0.3,0,0.2,0.03,0.11,12,0,0,0,3,0.05,0.03,0.4,0.04,13,0,0.03
871,Green pea broth with oil,Supu ya njegere yenye mafuta,7,40,108,194,155,40,35,132,73,135,231,66,61,1.1,0,0,5,3.1,1.3,2.2,1.3,0,1.1,1,6,5,23,8,54,1,0.3,0,0.2,0.03,0.11,12,0,0,0,3,0.05,0.03,0.4,0.04,13,0,0.03
873,Kidney bean broth without oil,Supu ya maharage bila mafuta,30,101,84,150,130,28,22,102,54,98,125,53,31,2,0,0,0.1,0,0,0,0.1,0,1.5,0.3,129,8,34,11,113,1,0.7,0,0.2,0.06,0.12,7,0,0,0,2,0.04,0.02,0.2,0.04,29,0,0.07
874,Kidney bean broth with oil,Supu ya maharage yenye mafuta,20.4,79,81.3,142.5,150,46,20.7,70.8,60.8,87.9,114.5,61.7,48,2,0,0,2.1,5.9,0,0,0.1,0,1.5,0.3,0.27,8,34,11,113,1,0.7,0,0.2,0.06,0.12,7,0,0,0,2,0.04,0.02,0.2,0.04,29,0,0.07
877,Pumpkin leaf broth with oil,Supu ya majani ya maboga yenye mafuta,2,7,7,13,9,3,2,9,5,10,8,4,46,0.2,0,0,5,0.7,4.3,0.3,0.1,0,0.4,0,35,14,5,3,36,4,0.1,0,0,0.03,0.04,61,0,0,2,4,0.1,0.1,0.4,0.2,13,0,0.3
878,Pumpkin leaf broth without oil,Supu ya majani ya maboga bila mafuta,2,7,272,480,542,175,63,231,199,304,354,174,3,0.2,0,0,0,0.7,0,0,0,0,0.4,0,4,14,5,3,36,4,0.1,0,0,0.03,0.04,61,0,0,0,4,0.1,0.1,0.4,0.2,13,0,0.3
879,Small dried fish broth with oil,Supu ya dagaay yenye mafuta,66,259,479,875,713,264,172,500,376,530,640,348,78,5.9,5.9,5.9,5.9,0,1.5,2.6,1.5,6,0,0,0,170,130,14,95,31,0.3,0.3,0.5,0.05,0.21,0,0,0,0,0,0.01,0.03,0.8,0.04,3,1.2,0.15
881,Cow pea leaf broth without oil,Supu ya majani ya kunde bila mafuta,3,16,72,125,142,45,19,62,53,80,102,46,8,0.6,0,0,0,1.6,0,0,0,0,0.3,0.1,4,22,11,8,81,2,0.4,0,0.1,0.02,0.03,58,0,0,0,4,0.01,0.02,0.1,0.07,12,0,0.06
882,Ground beef relish broth,Supu ya nyama ya kusaga,23,80,7,13,9,3,2,9,5,10,8,4,35.4,1.8,1.8,1.8,3,0.3,1.9,0.8,0.1,5.9,0.1,0,0.3,0.7,15.2,2.2,35.9,15.3,0.1,0.1,0.3,0,0,4.2,0,0,0,1,0,0,0.3,0,1.2,0.1,0
883,Liver relish broth,Supu ya maini,25,100,112.5,225,187.5,62.5,37.5,125,87.5,137.5,137.5,62.5,12.9,1.7,1.7,1.7,8.6,0.35,0.26,0.06,0.07,27,0.02,0.37,129,0.8,28.5,1.6,19.6,5.4,0.5,0.5,0.4,0.3,0,0.875,0,0,0,0.25,0.005,0.0025,0.025,0.005,3.6,0,0.00875
952,Banana with meat and coconut milk,Ndizi za kupika zenye nyama na tui la nazi,17.1,51.7,54,92.5,91.7,27.5,21.2,56.5,43.7,64.5,125,59.6,130.3,1.5,0.6,0.6,2.4,2.9,1.8,0.39,0.14,2.17,2.5,2.9,0,3,36.1,31,449.8,7,0.7,0.03,0.2,0.08,0.2,91,0,0,0.1,11,0.1,0.1,0.8,0.2,26,0,0.2
953,Banana with meat,Ndizi za kupika zenye nyama,30.9,115,118.3,206.5,216.7,66,32.3,105.3,89.3,129.4,177.8,96.3,77.4,2.7,2.5,2.4,3.6,9.4,2.3,1.1,0.1,8,0.7,1,0,1.6,226,11.4,168.9,118.8,0.3,0.1,0.3,0.03,0.05,86,0,0,0,10.4,0.05,0.05,0.8,0.22,24.7,0,0.22
955,Banana with coconut milk,Ndizi za kupika zenye tui la nazi,21.2,60.9,35.5,110.8,115.6,32.9,36.7,90.2,57.2,105.6,295.6,46.9,191.2,1.5,0,0,10.7,26.1,9.4,0.45,0.2,0,4.4,2.1,14.6,6.7,62.7,34.3,149.9,2.3,0.2,0,0.07,0.02,0.07,84.3,0,0,0.04,10.7,0.05,0.05,0.8,0.2,25.3,0.04,0.2
956,Cassava with coconut milk,Mihogo yenye tui la nazi,24.7,58.2,60.9,108.7,76.7,28.5,16.4,15,10,19.9,79,11.4,216.3,1.9,0,0,11.9,12.9,10.3,0.5,0.2,0,5.5,2.6,151.1,18.2,89.3,18.8,297.2,8.4,1.4,0,0.6,0.2,0.6,4.3,0,0,0,22.6,0.1,0,0.7,0.2,20,0,0.3
957,"Cassava, fried",Mihogo ya kukaanga,15,23,22,32,36,9,23,21,14,28,111,16,346.5,1.1,0,0,25.2,10.5,21.6,1.5,0.6,0,3.3,3.6,54,19,70,10,243,2,0.8,0,0.3,0.1,0.1,6,0,0,0.3,30,0.1,0,0.6,0.3,15,0,0.3
958,Potato relish with oil,Mchuzi wa viazi vyenye mafuta,19.7,47.2,131.3,229.5,129.8,38.3,24,126,87,147,147,65.3,75,1.3,0,0,1.7,14.2,0,0.1,0.03,0,1,0.12,391.5,3.5,3.4,16.8,266.5,3.8,0.2,0,0.2,0.14,0.1,0,0,0,1,13.8,0.17,0.03,1.7,0.1,33.5,0,0.77
959,Potato relish with beef,Mchuzi wa viazi vyenye nyama,37.1,107.6,116.8,190.2,183.6,54.2,37.1,120.1,96.6,149.5,194.3,73.2,128.8,2.8,1,1,5.8,17.1,4.9,0.6,0.1,3.2,2.1,0.2,17.5,15,75,35,574,11,0.8,0,0.4,0.28,0.27,50.4,0,0,0.3,28.2,0.05,0,0.35,0.15,19,0,0.15
960,"Potato chips, fried", Chipsi,25,59.2,411.6,645,542.4,235.2,175.2,400.8,307.8,460.2,453,178.8,249,1.7,0,0,20.1,18,17.3,1.2,0.36,0,1.2,0.16,67.5,4.2,41.7,20.8,325.8,4.2,0.3,0,0.2,0.18,0.17,0,0,0,0.2,10.8,0.09,0.016,1.2,0.2,7.5,0,0.46
961,"Potato, boiled",Viazi vya kuchemsha,30,71,80,118,119,31,25,87,73,110,90,43,93,2,0,0,0.1,21.6,0,0,0,0,1.5,0.2,52.6,5,50,25,391,5,0.4,0,0.3,0.22,0.16,5.6,0,0,0.01,9.6,0.17,0.016,0.9,0.2,6.7,0,0.37
963,Roots and tubers mixed ,(futari) Futari,8.2,13.1,12.1,19.3,23.2,4.7,10.4,12.7,8.4,15.3,47.1,11.4,93.5,0.8,0,0,0.2,23.2,0.05,0,0,0,1.7,1.5,93.8,13.1,27.6,10,202.8,4,0.4,0,0.15,0,0.05,4.5,0,0,0.1,10.5,0.1,0,1.2,0.2,10.8,0.1,0.5
964,"Banana, fried",Ndizi ya kukaanga,9,21,22,36,37,10,12,27,20,28,66,39,159.1,0.8,0,0,5.2,31.2,4.4,0.3,0.2,0,2.3,3.3,0,2,28,32,465,5,0.6,0,0.1,0.1,0.2,91,0,0,0.1,11,0.1,0.1,0.8,0.2,26,0,0.2
965,"Cassava, boiled",Mihogo ya kuchemsha,15,23,22,32,36,9,23,21,14,28,111,16,131,1.1,0,0,0.3,31.9,0.1,0.1,0.1,0,1.5,0.9,54,19,70,10,243,2,0.8,0,0.3,0.05,0.11,6,0,0,0,30,0.13,0.02,0.6,0.29,15,0,0.29
966,"Sweet potato, fried",Viazi vitamu vya kukaanga,21,86,86,126,85,42,14,103,71,112,80,32,146.1,1.7,0,0,5.1,24.3,4.3,0.3,0.1,0,3,2.8,10,28,55,20,348,10,0.5,0,0.3,0.2,0.6,1467,0,0,5.1,25,0.1,0.1,0.6,0.2,23,0,0.2
967,"Sweet potato, boiled",Viazi vitamu vya kuchemsha,12,52,50,94,58,20,18,69,39,60,124,33,97,2.1,0,0,0.1,22.9,0,0,0.1,0,1.2,0.4,50,8,39,26,303,3,0.8,0,0.5,0.17,0.24,0,0,0,5,12,0.1,0.03,0.6,0.23,16,0,0.31
968,Banana with kidney beans,Ndizi za kupika zenye maharage,35.2,119.9,128.1,222.9,194.7,43.2,33.8,151.4,81.5,149.3,191.7,88.4,93.4,3,0,0,1.2,19.5,0.9,0.1,0.2,0,3.2,1.6,64.9,15.1,55.7,27.2,324.2,434.7,1.1,0,0.4,0.1,0.2,69.8,0,0,0.6,9.1,0.05,0.06,0.7,0.2,21.2,0,0.2
969,"Banana,  boiled","Banana, boiled Ndizi ya kuchemsha",8.5,20,20.9,34.2,35.1,9.5,11.4,25.6,19,26.6,62.7,37,110,0.7,0,0,0.2,29.6,0.1,0,0.1,0,2.2,3.1,121.8,2,28,32,465,5,0.6,0,0.1,0.07,0.15,62.5,0,0,0.4,3.6,0.07,0.03,0.7,0.07,26.9,0,0.2
970,"Taro, cooked, without salt",Magimbi ya kuchemsha bila chumvi,0.08,0.024,0.019,0.038,0.023,0.007,0.011,0.028,0.019,0.028,0.036,0.025,142,0.52,0,0,0.11,34.6,0.023,0.009,0.046,0,5.1,0.49,78,18,76,30,484,15,0.7,0,0.3,0.2,0.4,4,0,0,2.4,5,0.1,0.5,1.5,0.3,19,0,0.3
971,"Banana, roast",Ndizi ya kuchoma,9,21,22,36,37,10,12,27,20,28,66,39,116,0,0.8,0,0,0.2,31.2,0.1,0,0.1,0,2.3,40.4,2,28,32,465,5,0.6,0,0.1,0.07,0.15,27.3,0,0,0.2,8.5,0,0,0.7,0.1,12.2,0.3,0.2
972,Potato relish with coconut milk,Mchuzi wa viazi vyenye tui la nazi,62.5,172,26.8,43,410.2,11.6,23,28.7,18.5,36.7,127,18.2,388,4.7,0,0,28,34.2,24.7,0.12,0.3,0,9,0.3,81,16.7,144,51.7,687.7,21.7,2.4,0,1.2,0.6,1.4,0,0,0,0,13,0.11,0.02,1.4,0.3,9,0,0.56
974,"Banana porridge, plain",Mtori wa kawaida,6.8,15.9,16.8,26.8,27.8,7.3,9.1,20,14.9,20.6,49,27.2,105.3,0.6,0,0,3.2,21.3,2.7,0.2,0.1,0,1.6,2.2,0.3,2.2,20.8,22.2,326.1,68.5,0.4,0,0.1,0.1,0.1,65.6,0,0,0,8.5,0,0,0.6,0.2,18.5,0,0.2
975,Banana porridge with meat,Mtori  wa nyamai,144.3,237.4,244.6,426.5,444.5,158.5,62.9,214.3,184,266.9,361.1,185.5,280.5,7,6,5.6,16,29.5,98.9,96.5,96.4,96.3,98.1,98.7,190.6,6.1,74.4,30.7,455.1,50,1,0.3,1,0.1,0.2,104.7,44..0,0,0.1,16.1,0,0,1.5,0.3,22.3,0.4,0.3
976,Banana porridge with fish,Mtori wa samaki,24.5,95.1,97.9,164.1,176.7,51.7,25,91.5,68.2,111.5,176.8,68.1,118.7,2.5,1.1,1.1,5.9,15.8,4.9,0.4,0.2,2.8,2.1,2..2,5.4,10.6,96.6,41.5,588.1,123.7,1.5,0.4,1.3,0.2,0.5,1125.6,0,0,0.1,9.9,0.1,0.1,0.8,0.2,26.1,0,0.2
978,Kachori (spicy potato balls),Kachori,126,216,248.8,411.1,387.1,92.5,78.1,308.8,143.3,245.1,552.3,159.3,237.6,6.1,0,0,11.4,28.8,8.8,0.9,0.8,0,3.4,2.4,248.4,39.7,148.8,50.4,492.7,86,2.2,0,1.2,0.4,0.8,0.4,0,0,0.3,11,0.2,0,1.4,0.4,4.6,0,0.6
1001,"Tea without milk, with sugar ", Chai yenye sukari bila maziwa,0,0,0,0,0,0,0,0,0,0,0,0,35.4,0,0,0,0,9.1,0,0,0,0,0,9.5,0,0.07,0.1,0,0.1,0.09,0,0,0,0,0,0,0,0,0,0,0,0,0,0,0,0,0
1002,Tea with milk and sugar,Chai yenye sukari na maziwa,18.9,61.3,81.8,132.4,107.3,34.1,12.3,65.4,65.4,90.4,48.9,0,31,1.3,1.3,0,1.6,3,1,0.5,0,5.8,0,1,0,47.3,37.9,4.5,57.6,22.6,0,0,0.2,0,0,22.6,22.6,0,0,0.4,0,0.1,0,0,2.4,0.2,0.1
1003,"Tea with milk, without sugar", Chai yenye maziwa bila sukari,18.9,61.3,81.8,132.4,107.3,34.1,12.3,65.4,65.4,90.4,48.9,0,11,1.3,1.3,0,1.6,0.2,1,0.5,0,5.8,0,0,0,0.2,0.2,0.025,0.3,1.8,0,0,0,0,0,22.6,22.6,0,0,0.4,0,0.1,0,0,2.4,0.2,0.1
1004,"Coffee without milk, with sugar, ","Kahawa bila maziwa, yenye sukari",0,1,2,5,1,0,2,3,2,3,1,2,35.4,0,0,0,0,9.1,0,0,0,0,0,9.5,0,0.2,0.2,0.025,0.3,1.8,0,0,0,0,0,0,0,0,0,0,0,0,0,0,0,0,0
1005,Coffee with milk and sugar ,Kahawa yenye sukari na maziwa,18.9,61.6,82.4,133.8,107.6,34.1,12.9,66.2,65.9,91.3,49.2,0.6,31.5,1.3,1.3,0,1.6,3.1,1,0.5,0,5.8,0,1,1.7,48.1,38.7,5.6,67.6,23.5,0.1,0,0.2,0,0,22.6,22.6,0,0,0.4,0,0.1,0,0,2.4,0.2,0.1
1006,"Coffee with milk, without sugar","Kahawa yenye maziwa, bila sukari",18.9,61.6,82.4,133.8,107.6,34.1,12.9,66.2,65.9,91.3,49.2,0.6,11.5,1.3,1.3,0,1.6,0.2,1,0.5,0,5.8,0,0,1.7,0.07,0.1,0,0.1,0.09,0,0,0,0,0,22.6,22.6,0,0,0.4,0,0.1,0,0,2.4,0.2,0.1
1007,Halwa,Halua,29.9,64.4,75.8,138.6,60.3,21.2,30.6,95.4,62.1,90.1,204.7,48.4,511.7,1.7,0.1,0.1,30.7,59.9,16.9,10.4,1.9,68.3,1.1,39.1,206.4,24.2,47.1,24.5,62.4,75.9,0.5,0,0.1,0.1,0.2,246.7,246.7,0.5,2.7,0.08,0.02,0.07,0.27,0.01,5,0.01,0.05
1008,Groundnut cluster,Kashata,166.43,573.5,594.91,1101.1,595.73,212.89,259.5,697.2,699.89,1955.12,441.38,657.46,616.59,17.31,0,0,30.74,75.95,4.26,15.19,9.76,0,5.62,57.27,1129.58,59.64,248.29,107.22,452.88,12.01,3.07,0,2.14,0.7,1.27,0,0,0,5.6,0,0.2,0.06,9.03,0.19,80.6,0,0.92
1101,Butter with salt ,Siagi,12,38,51,83,67,21,8,41,41,57,31,23,717,0.9,0.9,0,81.1,0,51.368,21.021,3.043,215,0,0,0,17,24,2,24,576,0,0,0.1,0,0,684,684,2,0.4,0,0,0.2,0.7,0,3,0.2,0.03
1102,Butter refined-ghee,Samli,4,13,17,27,22,7,3,14,14,19,10,8,876,0.3,0.3,0.3,99.5,0,61.9,28.7,3.7,256,0,0,0,8,8,1,9,273,0.1,0.1,0,0,0,925,925,2,3,0,0,0.01,0,0,1,0.04,0.1
1103,Coconut oil,Mafuta ya nazi,0,0,0,0,0,0,0,0,0,0,0,0,862,0,0,0,100,0,86.9,5.8,1.8,0,0,0,0,0,0,0,0,0,0,0,0,0,0,0,0,0,0,1,0.02,0.01,0.2,0.02,8,0,0.09
1104,Coconut milk and water ,Tui la nazi na maji,12,36,39,74,44,19,20,51,31,61,164,23,106,1,0,0,10.1,4.6,8.9,0.4,0.1,0,2.7,0,97,4,34,10,107,6,0.7,0,0.3,0.13,0.45,0,0,0,1,0,0,0,0,0,0,0,0
1105,Coconut cream,Tui la nazi,42,132,142,269,160,68,72,184,112,220,595,83,330,3.6,0,0,34.7,6.7,30.7,1.5,0.4,0,2.2,0,324,11,122,28,325,4,2.3,0,1,0.4,1.3,0,0,0,1,2.8,0,0.02,0.9,0,23,0,0.3
1107,Margarine ,Marjarine (siagi),0,0,0,0,0,0,0,0,0,0,0,0,716,0,0,0,81,0,20.3,36,21.1,0,0,0,0,0,0,0,0,0,0,0,0,0,0,0,0,0,6,0,0,0,0,0,0,0,0
1108,Palm oil,Red palm oil Mafuta ya mawese,0,0,0,0,0,0,0,0,0,0,0,0,862,0,0,0,100,0,81.5,11.4,1.6,0,0,0,0,6,7,0,0,0,0,0,0,0,0,5000,0,0,4,0,0.01,0.02,0,0,0,0,0
1109,Sesame oil,Mafuta ya ufuta,0,0,0,0,0,0,0,0,0,0,0,0,884,0,0,0,100,0,16.9,46.2,32,0,0,0,0,0,0,0,0,0,0,0,0,0,0,0,0,0,13,0,0,0,0,0,0,0,0
1110,Vegetable fat,"Mafuta ya mimea (kama blueband, tanbondi)",0,0,0,0,0,0,0,0,0,0,0,0,884,0,0,0,100,0,25,44.5,26.1,0,0,0,0,0,0,0,0,0,0,0,0,0,0,0,0,0,8,0,0,0,0,0,0,0,0
1111,"Vegetable fat, Cowboy", Mafuta ya cowboy,0,0,0,0,0,0,0,0,0,0,0,0,884,0,0,0,100,0,25,44.5,26.1,0,0,0,0,0,0,0,0,0,0,0,0,0,0,0,0,0,8,0,0,0,0,0,0,0,0
1112,"Vegetable fat, Kimbo", kimbo Mafuta ya kimbo,0,0,0,0,0,0,0,0,0,0,0,0,884,0,0,0,100,0,25,44.5,26.1,0,0,0,0,0,0,0,0,0,0,0,0,0,0,0,0,0,8,0,0,0,0,0,0,0,0
1113,Vegetable oil,Mafuta ya mimea (ya maji),0,0,0,0,0,0,0,0,0,0,0,0,862,0,0,0,100,0,86.5,5.8,1.8,0,0,0,0,0,0,0,0,0,0,0,0,0,0,0,0,0,1,0,0,0,0,0,0,0,0
1114,"Coconut meat, raw",Nyama ya nazi,39,121,131,247,147,62,66,169,103,202,546,77,354,3.3,0,0,33.5,15.2,29.7,1.4,0.4,0,9,6.2,324,14,113,32,356,20,2.4,0,1.1,0.4,1.5,0,0,0,0.2,3.3,0,0,0.5,0.1,26,0,0.3
1115,Coconut water,Maji ya nazi,8,26,28,53,32,13,14,37,22,44,118,17,19,0.7,0,0,0.2,3.7,0.2,0,0,0,1.1,2.6,0,24,20,25,250,105,0.3,0,0.1,0,0.1,0,0,0,0.24,2.8,0,0,0.8,0,16,0,0.2
